AU1,AU2,AU4,AU6,AU7,AU9,AU12,AU15,AU16,AU20,AU23,AU26,Left,Lower,Right,Upper,class
0,0,0,0,0,0.45,0.86,0.53,0.53,0,0.53,0,0.53,1.39,1.17,0.3,Negative
0.34,0,0,0,0,1.67,1.67,0,0,0,0,0,0.34,1.67,1.85,0.53,Negative
0.4,0,0.73,0,0.58,0.35,0.88,0,0,0,0.53,0,0.93,0.88,1.28,0.98,Negative
0.37,0,0,0,0,0,0,0,0,0,0,0,0.37,0,1.53,1.9,Negative
0,0,0,0,0,0.38,0.65,0,0,0,0.65,0,0,1.86,2.42,0.55,Negative
0,0,0,0,0,0,0.82,0,0,0,0.3,0,0.15,1.07,2.02,1.1,Negative
0,0,0,0.2,0,2.16,0,0,0,0,0,0,2.16,1.96,0,0.2,Negative
0,0,0,2.48,0,2.48,0,0,0,0,0,0,1.6,2.48,1.05,0.17,Negative
1.2,0,1.2,0.57,0,0.31,0,0,0,0,0,0,0,0,2.32,2.32,Negative
0.16,0,0.43,0,0.32,0,0.32,0,0,0,0,0,1.54,0.32,0.71,1.81,Negative
0,0,0,0,0,0,2.34,0,0,0,0,0,2.12,2.34,0.22,0,Negative
0,0,0,0,0,0,0,0,0,0,0,0,1.48,0,0.47,1.95,Negative
0,0,0,2.01,0,1.34,1.09,0.63,0.86,0.28,0.58,0.63,2.01,2.29,1.96,1.67,Negative
0.35,0,0,0.1,0,1.22,2.85,0,0,0,1.63,0,1.67,2.96,1.75,0.45,Negative
0.97,0,0,0.15,0.93,1.45,2.09,0,0,0,0.64,0,0.92,2.31,2.67,1.28,Negative
0,0,0,1.94,0.08,1.95,0,0,0,0,0,0,0.83,1.95,3.34,2.22,Negative
0,0,0.13,0.35,0,0.9,0.6,0,0,0,0,0,0.43,3.71,3.41,0.13,Negative
0,0,0,1.4,0,0,0,0,0,0,0,0,0.37,0,3.18,3.55,Negative
0,0,0,0,0,2.67,1.27,0,0,0,0,0,0,4.29,4.29,0,Negative
1.84,0,1.6,0,0.18,0.48,0,0,0,0,0,0,0.69,1.18,3.21,2.72,Negative
0.17,0,0,0.28,0,4.19,0.92,0,0,0,0,0,4.19,3.91,1.08,0.45,Negative
0,0,0,0.18,0,4.41,0,0,0,0,0,0,2.81,4.41,1.78,0.18,Negative
0.73,0,0.5,0.38,1.07,1.67,1.5,0,0,0,0,0,0.07,1.67,4.22,2.61,Negative
0.24,0,0.24,0,0,0.89,1.69,1.01,1.01,0.33,1.16,0.33,0.59,3.05,3.19,0.73,Negative
1.96,0,0.54,0.25,1.25,0.31,0.46,0,0,0,0,0,2.03,0.46,2.37,3.65,Negative
0,0,0,0,0,3.64,3.38,0.54,0.54,0,0,0.54,3.63,4.43,0.8,0,Negative
0,0,0,0,0,0,0.62,0,0,0,0,0.07,0,0.78,1.63,0.85,Positive
0,0,0,0,0,1.66,1.66,0,0,0,0,0,0,1.66,1.66,0,Positive
0,0,0.16,0.2,0.16,0.47,1.18,0,0,0,1.18,0,0.16,1.45,1.65,0.36,Positive
0,0,0,0.34,0,1.19,0,0,0,0,0,0,0.74,1.19,0.85,0.4,Positive
0,0,0,0,0,0,0.18,0,0,0,0,0,0,1.83,1.83,0,Positive
0,0,0,0.76,0,0.48,0.7,0,0,0,0.7,0,1.46,1.19,0.49,0.76,Positive
0,0,0,0,0,1.78,0,0,0,0,0,0,0,1.78,1.78,0,Positive
0.53,0,0.53,0,0,0.42,0.23,0,0,0,0,0,0.24,0.65,1.53,1.13,Positive
0,0,0.04,0.35,0.04,0,0,0,0,0,0,0,0.54,0,1.13,1.67,Positive
0,0,0,0,0,1.31,0,0.65,0.65,0,0.65,0.65,1.97,1.97,0.65,0,Positive
0.18,0,0.3,1.0,0,0.67,0,0,0,0,0,0,0.3,0.67,1.85,1.47,Positive
0.17,0,0,0.92,0,0.72,0.07,0,0,0,0,0,0,0.53,1.56,1.02,Positive
0,0,0,0,0,1.08,0.96,0,0,0,0.55,0,0.96,1.63,0.67,0,Positive
0,0,0,2.7,0,0,0,0,0,0,0,0,2.7,0,0.18,2.7,Positive
0,0,0.17,0.29,0,0.9,0.28,0,0,0,0.28,0,1.35,1.01,0.41,0.47,Positive
0.8,0,1.06,0,0.35,0.51,0.22,0,0,0,0,0,1.37,0.51,0.29,1.15,Positive
0,0,0,0,0,0,1.69,0,0,0,1.69,0,1.69,1.69,0.26,0.26,Positive
1.76,0,0.98,0,0.98,0,0,0,0,0,0,0,1.76,0,0,1.76,Positive
0,0,0.77,0,0.77,0,0.47,0,0,0,0,0,0.77,0.62,1.04,1.18,Neutral
1.21,0,0,0,0,0.9,0.9,0,0,0,0,0,2.12,0.9,0,1.21,Neutral
0,0,0,0,0,1.91,1.76,0,0,0,0,0,0,1.91,1.91,0,Neutral
0,0,0,0,0,0,0,0,0,0,0,0,0.5,0,1.48,1.98,Neutral
0,0,0,0.28,0,0,0,0,0,0,0,0,0,1.83,2.12,0.28,Neutral
0.17,0,0,0,0.73,0,0.93,0,0,0,0.55,0,0.17,0.93,1.63,0.87,Neutral
0,0,0,0,0,1.83,0,0,0,0,0,0,1.83,1.83,0.17,0.17,Neutral
0.18,0,0.18,0,0,2.25,0,0,0,0,0,0,2.25,2.25,0.18,0.18,Neutral
0.01,0,0.01,0.39,0.01,1.1,0,0,0,0,0,0,0.01,1.1,1.59,0.5,Neutral
0,0,0,0,0,0.81,0.85,0,0.09,0,0.09,0,0.87,1.02,0.27,0,Neutral
0.36,0,0.27,0,0.21,0.31,0,0,0,0,0,0,0.38,0.31,1.19,1.27,Neutral
1.7,0,0.13,0,0,0,0,0,0,0,0,0,1.52,0,0.32,1.83,Neutral
0.4,0,0,0,0.15,1.75,2.45,0,0,0,0,0,2.3,3.67,2.05,0.68,Negative
1.23,0,0.52,0,0.31,1.89,1.81,0,0,0,0,0,1.58,2.22,2.19,1.54,Negative
0,0,0.28,1.78,0.28,0.97,0,0,0,0,0,0,2.26,1.28,1.28,2.14,Negative
0,0,0,0.63,0,2.03,0.54,0,0,0,0,0,0.89,3.03,2.94,0.63,Negative
0.66,0,0.15,0.1,0.51,0.88,1.47,0,0,0,0,0,0.51,1.83,3.03,1.71,Negative
0,0,0,0.28,0,3.67,0,0,0,0,0,0,3.67,3.67,0.28,0.28,Negative
0,0,0,0.17,0,4.2,0,0,0,0,0,0,3.62,4.2,2.91,0.17,Negative
1.96,0,0.33,0,0,0.07,0,0,0,0,0,0,1.23,0.07,0.8,1.96,Negative
0.9,0,0.98,0,2.65,0,0,0,0,0,0,0,3.4,0.17,0.32,3.55,Negative
0,0,0.47,0,0,0.55,1.03,0,0,0.15,0,0.15,1.1,1.18,1.03,0.95,Negative
0,0,0,0,1.29,0.82,0.72,0,0,0,0,0,2.22,0.93,0,1.29,Negative
0,0,0,0,0,2.1,2.1,0,0.35,0,0.35,0,0,2.45,2.45,0,Negative
0,0.38,0.78,0,1.16,1.07,0,0,0,0,0,0,2.23,1.07,0,1.16,Negative
0,0,0,0,0,0.25,0.25,0,0,0,0,0,0,2.39,2.39,0,Negative
1.35,0,1.32,0,1.32,0,0,0,0,0,0,0,0.43,0,1.61,2.04,Negative
0,0,0,0,0,0,0,0,0,0,0,0,0,2.26,2.26,0,Negative
0,0,0.66,0,0.66,1.37,0.55,0,0,0,0,0,0.66,1.37,1.73,1.02,Negative
1.24,0,0.43,0,0.85,0,0,0,0,0,0,0,0,0,2.39,2.39,Negative
0,0,0.05,0.62,0,2.47,2.47,0,0,0,0,0,3.13,2.47,0.62,0.67,Negative
0,0,0,0.07,0,0,0.49,0.07,0.16,0,0.65,0,0.41,0.85,0.92,0.48,Negative
0,0,2.31,0,2.31,0,0,0,0,0,0,0,2.46,0,0.18,2.64,Negative
0,0,0,0.12,0,0,1.71,0,0,0,1.71,0,1.83,1.71,0,0.12,Negative
0,0,0.32,0.97,0.32,0.55,0,0,0,0,0,0,1.85,1.9,0.37,0.32,Negative
0,0,0,1.84,0,0,0,0,0,0,0,0,0,0.27,2.11,1.84,Negative
0,0,0.33,0,0,1.5,0.32,0,0,0,0,0,0.33,1.5,1.83,0.33,Negative
0.82,0,0,0,0.33,0.78,0.73,0.17,0,0,0,0,0.22,1.12,1.72,0.82,Negative
0,0,0,0,0,1.97,0.37,0,0,0,0,0,1.59,1.97,0.38,0,Negative
1.68,0,1.02,0.53,0,0,0,0,0,0,0,0,0.3,0,1.92,2.22,Negative
0,0,0.27,0,0.27,0.62,0.12,0,0.22,0,0.34,0,0.62,0.97,0.61,0.27,Negative
0,0,0,0.94,0,1.12,1.12,0,0,0,0,0,2.05,1.12,0,0.94,Negative
0.52,0,0,0.85,0.32,0.28,0,0,0,0,0,0,1.97,0.28,0.17,1.85,Negative
0,0,0,0.73,0.75,1.05,0.68,0,0.6,0.23,0.6,0.23,1.95,2.31,1.58,1.22,Negative
0.25,0,0.32,0,0.63,0.52,2.4,0,0,0,1.88,0,2.51,2.4,2.71,0.95,Negative
0,0.15,0.73,0.08,0.73,2.17,0.58,0,0,0,0,0,2.78,2.56,1.22,1.43,Negative
0,0,0,0,0,1.52,0.32,0,0,0,0,0,0.12,5.11,5.0,0,Negative
1.08,0,0.82,0,0.58,1.18,0.73,0,0,0,0,0,0.57,1.18,2.6,1.98,Negative
0.35,0,0.62,0.08,1.39,1.8,1.32,0,0,0,0,0,1.64,1.8,3.15,1.93,Negative
0,0,0,0.42,0,2.65,1.06,0.78,0.78,0.07,0.52,0.52,2.19,3.62,1.85,0.42,Negative
0,0,0,0,0,0.83,1.01,0.12,0.4,0,0.69,0,0.71,1.7,0.99,0,Negative
0,0,0,0,0,3.96,3.96,0,0,0,0,0.27,3.96,4.23,0.27,0,Negative
0,0,0,0.08,1.96,0.2,0.2,0,0,0,0,0,3.39,0.28,0.38,3.49,Negative
0,0,0,1.47,0,0,0.6,0,0,0,0.6,0,1.32,0.6,1.47,1.47,Positive
0,0,0,0,0,0,1.68,0,0,0,1.5,0,0.18,1.68,1.5,0,Positive
0,0,0,0.78,0,1.18,0.62,0,0,0,0,0,1.97,1.53,0.35,0.78,Positive
0,0,0,0,0,2.38,0,0,0,0,0,0,0,2.55,2.55,0,Positive
0,0,0.2,0.4,0,0.77,0,0,0,0,0,0,0.6,0.87,1.17,0.7,Positive
0,0,0,0,0,1.09,0.67,0,0,0,0,0,0.42,2.3,1.89,0,Positive
0,0,0,0.9,0,1.31,0.3,0,0,0,0,0,0.13,1.45,1.31,0,Positive
0.28,0,0.28,0,0,0,0.53,0.4,1.06,0.4,1.15,0.4,0.52,1.59,1.35,0.28,Positive
0,0,0,0.21,1.74,1.27,1.27,0,0,0,0,0,2.23,1.39,1.11,1.95,Positive
0,0,0,0,0,0.14,0.8,0.29,0.55,0.15,1.22,0.29,1.21,1.35,0.3,0,Positive
0,0,0,0,0,0,2.12,0,0,0,2.12,0,2.3,2.3,0,0,Positive
0,0,0.95,0,0,0.62,0.12,0,0,0,0,0,1.77,0.97,0.15,0.95,Positive
0,0,0.37,0,0,0.37,0.81,0,0.32,0,0.78,0,1.57,1.49,0.71,0.78,Neutral
0.58,0,0.27,0.35,0,0.15,0.55,0,0,0,0.4,0,1.35,0.55,1.06,1.86,Neutral
0,0,0,0.15,0,2.41,2.41,0,0,0,0,0,0,2.56,2.56,0,Neutral
0,0,0.33,0,0,2.16,0,0,0,0,0,0,2.49,2.16,0.17,0.5,Neutral
0,0,0,0,0,2.35,0,0,0,0,0,0,0,2.7,2.7,0,Neutral
0.15,0,0.15,0.23,0,2.03,0,0,0,0,0,0,0.15,2.03,2.27,0.39,Neutral
0,0,0,0,0,0.47,0,0,0,0,0,0,0.47,1.49,1.99,0.97,Neutral
0.51,0,0.51,0,0,0.77,0,0.37,0.45,0,0,0.37,0,1.22,2.23,1.01,Neutral
0,0,0.28,0,0.28,0.33,1.15,0,0,0,1.15,0,0.62,1.48,1.8,0.93,Neutral
0.3,0,0.3,0,0.1,2.4,0.0,0,0,0,0,0,0,2.4,2.8,0.4,Neutral
0.27,0,0.19,0.18,0.07,0.41,0.6,0,0,0,0.19,0,0.6,0.6,0.97,0.71,Neutral
0.2,0,0,0,0.51,1.26,1.26,0,0,0,0,0,3.44,2.93,1.46,0.71,Neutral
0,0,0,0,0,0.4,0.69,0.25,0.18,0,0.41,0.18,0.76,0.94,0.18,0,Neutral
1.17,0,0.39,0,0.32,1.19,0.71,0,0,0,0,0,2.26,1.19,0.76,1.82,Neutral
2.43,0,0,0.29,0,0,0,0,0,0,0,0,2.43,0,0.29,2.72,Neutral
0,0,0,0,0,0.18,0.18,1.57,1.57,0.15,1.57,0.15,0.33,1.9,1.9,0.33,Negative
0,0,0,0,0,1.32,1.4,0,0,0,0,0,1.4,1.4,0,0,Negative
0.22,0,0,0.37,0.22,1.7,1.7,0,0,0,0,0,0.22,1.7,2.06,0.58,Negative
0,0,0.42,0.87,0,0,0,0,0,0,0,0,2.22,0,0.87,3.09,Negative
0,0,0,0,0,0,2.75,0,0,0,0,0,0,3.28,3.28,0,Negative
0.9,0,0.98,0,0,0.15,0,0,0,0,0,0,1.57,0.15,1.45,1.88,Negative
0,0,0,0,0.07,0.82,0.55,0,0,0,0,0,0,1.57,1.63,0.07,Negative
0.57,0,0,0.5,0,0,0,0,0,0,0,0,0,0,2.07,2.07,Negative
0,0,0,0,0,0.33,0.98,0,0,0,0,0,0,1.45,2.13,0.68,Negative
0,0,0,0.2,0,2.06,0.97,0,0,0,0,0,2.21,1.87,0,0.35,Negative
0,0,0,0.94,0,0.15,0,0,0,0,0,0,1.95,0.15,0.3,2.1,Negative
0,0,0,1.35,0,0.67,0,0,0,0,0,0,1.98,0.67,0.31,1.63,Negative
0,0,0,0.61,0,1.08,0.57,0,0.11,0,0.11,0,1.35,1.76,0.91,0.5,Negative
0,0,0,0,0.29,0.36,0.19,0,0,0,0,0,2.62,0.55,0.09,2.17,Negative
0,0,0,0.12,0,0.12,0.11,0,0,0,0.11,0,0.22,0.11,0,0.12,Negative
0,0,0,0,0,2.17,0.82,0,0,0,0,0,2.17,2.17,1.35,0,Negative
2.06,0,0.18,0,0,0,0,0,0,0,0,0,2.24,0,0,2.24,Negative
0,0,0,0,0,0.35,2.46,0,0.38,0,2.5,0,0,2.85,2.85,0,Negative
0,0,0,1.8,0,1.8,0,0,0,0,0,0.18,0.43,0,1.98,2.41,Negative
0,0,0,0,0,0.72,0.37,0,0,0,0,0,0.35,1.33,2.82,1.84,Negative
0.53,0,0,0,0.23,0,0,0.08,0.18,0.27,0,0.27,0,0.27,2.04,1.77,Negative
0,0,0,0,0.42,1.08,2.22,0,0,0,0.15,0,0.15,2.22,2.48,0.42,Negative
0,0,0.06,0.06,0,3.03,0,0,0,0,0,0,0.06,3.03,0,0.06,Negative
0,0,0,0.48,0,3.08,0,0,0,0,0,0,2.14,0.7,1.02,2.47,Negative
0.33,0,0,0.42,0.24,0.88,0,0,0,0,0,0,0.12,0.49,2.71,2.34,Negative
0.68,0,0,0,0.07,0.23,1.08,0,0.16,0,0.89,0,0,1.08,2.11,1.02,Negative
0,0,0,0,0,0.62,2.05,0,0.08,0,0.71,0,0,2.05,1.95,0,Negative
0,0,3.09,0,2.91,0,0,0,0,0,0,0,2.91,0,0.18,3.09,Negative
0,0,0.3,0.3,0,1.01,2.05,0,0,0,1.2,0,0.43,2.34,2.21,0.3,Negative
0,0,0.06,0.33,0,0.18,0.45,0,0,0,0.28,0,0.6,0.45,2.13,2.28,Negative
0,0,0,0,0,1.85,1.08,0,0,0,0,0,0,2.93,2.93,0,Negative
0,0,0,0,0,3.56,0.27,0,0,0,0,0,3.83,0.27,0,3.56,Negative
0.17,0,0.36,0.19,0.27,0.92,0.39,0,0,0,0,0,2.08,0.39,1.57,3.26,Negative
0,0,0,0,0,0.37,1.22,0.21,0.46,0.21,0.71,0.21,0.6,1.77,1.17,0,Negative
0,0,0,0,0,0,2.95,0,0,0,2.95,0,2.95,2.95,0,0,Negative
0,0,0,1.18,0,0.42,1.68,0,0,0,1.68,0,1.18,1.68,1.68,1.18,Negative
0,0,0,0.12,0,2.22,0,0,0,0,0,0,0,0,2.1,2.22,Negative
0,0,0.68,0.58,0.68,0.32,0.32,0,0,0,0,0,0.57,0.32,1.85,2.28,Negative
0,0,0,0,0.43,1.77,1.63,0,0,0,0,0,0.13,1.77,2.4,0.77,Negative
0.36,0,0,0,2.55,0.76,0.14,0,0,0,0,0,1.97,0.47,1.69,3.19,Negative
0,0,0.77,0.37,0,0.32,1.87,0,0,0,0.4,0,0.77,2.18,1.78,0.77,Positive
0,0,0,0,0,0,0,0.13,0,0.13,0,0.13,0.13,0.13,2.72,0.29,Positive
0,0,0,0.52,0,2.6,0,0,0,0,0,0,0.63,2.6,2.48,0.52,Positive
0.5,0,0.63,0,0.15,0.28,0.72,0,0,0,0,0,0.11,1.0,1.63,1.13,Positive
0,0,0,0.28,0.37,1.25,1.27,0,0,0,0,0,0.57,1.27,2.17,1.47,Positive
0,0,0,0,0,1.87,1.23,0,0,0,1.23,0,3.1,3.1,0,0,Positive
0,0,0,0.12,0,0.77,1.4,0.08,0.88,0.08,1.18,0.34,0.86,2.03,1.68,0.56,Positive
0,0,0,3.31,0,3.31,0,0,0,0,0,0,3.94,0.65,0,3.31,Positive
0,0,0,0,0,1.28,0.87,0,0,0,0,0,0.09,1.35,1.16,0,Positive
0,0,0,0,0,0.24,3.14,0,0,0,0,0,3.38,3.14,0,0.24,Positive
0.22,0,0.22,0.28,1.58,0,0,0,0,0,0,0,2.67,0,0.22,2.88,Positive
0,0,0.25,0,0.7,0.17,2.15,0,0,0,1.98,0,2.23,2.15,0.87,0.95,Neutral
0.32,0,0.32,0.35,0.32,0.7,1.03,0,0,0,0.57,0,1.14,1.03,1.23,1.34,Neutral
0,0,0,0.18,0,1.18,1.43,0,0,0,0.43,0,2.68,2.76,0.43,0.35,Neutral
0,0,0,2.61,0,1.42,0,0,0,0,0,0,1.42,0,1.37,2.78,Neutral
0,0,0.2,0,0,2.45,0,0,0,0,0,0,0,0,2.65,2.65,Neutral
0.75,0,0.77,0.23,0.38,0.82,0.58,0,0,0,0,0,0.38,0.58,2.33,2.13,Neutral
0,0,0.58,0.43,0,1.66,0,0,0,0,0,0,2.67,0,0,2.67,Neutral
0.17,0,0.42,0,0.12,0.83,1.45,0,0,0,0.37,0,0.83,1.45,1.96,1.56,Neutral
0,0,0,1.03,0,1.03,0.37,0,0.66,0.36,0.72,0.36,3.32,1.02,0.73,3.02,Neutral
0,0,0.93,0.99,0,0.79,0.62,0,0,0,0,0,1.96,1.29,0.82,1.49,Neutral
0,0,0,0,0,3.13,2.85,0,0,0,0,0,3.13,2.85,0,0.28,Neutral
0.27,0,0.33,0.64,0,1.6,1.23,0,0,0,0,0,1.18,1.23,1.98,1.93,Negative
0.18,0.04,0.18,0,0.23,0.25,1.92,0,0,0.12,1.92,0.12,0.16,2.03,2.33,0.71,Negative
0,0,0,0,0,0,0,0,0,0,0,0,0,0,3.24,3.03,Negative
0,0,0,2.07,0,2.07,0.38,0,0,0,0,0,0,0.38,2.68,2.3,Negative
0,0,0,1.17,0,1.17,0,0,0,0,0,0,0,0,3.04,3.04,Negative
0.2,0,0.2,0.45,0,0,0,0,0,0,0,0,0,0,2.07,2.07,Negative
0,0,0.27,0,0.6,1.27,0.5,0,0,0,0,0,0,1.27,3.06,1.79,Negative
0,0,0,0.56,0,0.04,0,0,0,0,0,0,0.04,0,0.56,0.6,Negative
0,0,0.35,0.17,1.22,1.06,1.35,0,0,0,0,0,1.99,1.45,2.1,2.64,Negative
0,0,0.25,0.25,0,0.88,0.49,0,0,0,0,0,0.38,0.81,0.6,0.44,Negative
0.87,0,0.7,0.15,0.58,0.75,0.75,0,0,0,0,0,2.05,0.75,0.91,2.35,Negative
0,0,0,0,0,2.03,0.7,0,0,0.2,0,0.2,2.03,2.8,0.9,0.13,Negative
0,0,0.32,0,2.47,0,0,0,0,0,0,0,2.61,0,0.39,3.01,Negative
0,0,0,2.32,0,2.6,3.38,0,1.25,0.3,1.08,0.3,2.18,3.8,4.4,2.78,Negative
0.7,0,0.88,0.15,0,2.48,4.73,0,0,0.1,1.13,0.1,1.39,4.83,4.13,1.7,Negative
0.96,0,1.55,0,1.22,1.87,3.58,0,0,0,0,0,1.25,3.58,3.83,2.73,Negative
0,0,0,0,0,0,0.18,0,0,0,0,0,0,0.36,7.46,7.1,Negative
0,0,0,1.67,0.41,3.31,1.65,0,0,0,0,0,1.92,1.65,4.74,5.01,Negative
0,0,0,0.67,0.55,4.54,0.45,0,0,0,0,0,0.88,3.46,6.07,2.71,Negative
1.12,0,0.28,0,1.39,1.63,1.12,0,0,0,0,0.1,0.28,1.4,5.89,4.77,Negative
0,0,0.23,0.33,0.53,1.68,4.91,0,0,0,0,0,0.12,4.91,6.41,1.73,Negative
0,0,0,1.55,0,6.77,0.3,0,0,0,0,0,7.07,0.3,0,6.77,Negative
0,0,0,2.23,0,8.33,0,0,0,0,0,0,5.56,0,0.82,8.33,Negative
2.18,0,0.11,1.71,1.07,2.91,0,0,0,0,0,0,0.36,0,7.5,7.85,Negative
0,0,0,1.67,0.07,0.85,1.01,1.19,1.31,1.19,0.51,1.19,0.17,2.49,4.4,2.08,Negative
0,0,0.65,1.65,0.3,2.29,1.78,0,0,0.12,0,0.12,5.19,2.27,2.87,5.85,Negative
0,0,0,0,0,0.82,0.79,0,0.15,0,0.32,0.15,0.07,1.22,1.13,0.12,Negative
0,0,0,1.06,0,1.93,3.34,0.4,0.4,0.4,1.71,0.4,2.81,3.74,2.63,1.32,Negative
0,0,4.44,0.18,0,0.47,0,0,0,0,0,0,6.33,0,0.47,6.8,Negative
0,0,0,0,0,5.0,5.81,0,0,0,0,0,7.34,6.99,0,0.35,Negative
1.3,0,0,0,0,0.42,1.93,0,0,0,0,0,1.3,1.93,1.93,1.3,Negative
2.3,0,0.27,0.27,0,0.3,0.45,0,0.25,0,0.25,0,0.57,0.45,2.75,2.87,Negative
0.17,0,0,0,0,3.22,0,0,0,0,0,0,2.17,1.05,1.22,0.82,Negative
0,0,0,0,0,0,0.18,0,0,0,0,0,0,0.18,3.56,3.38,Negative
0,0,1.6,0.92,1.64,0.4,0.53,0,0,0,0.13,0,1.73,0.53,1.53,2.73,Negative
0.32,0,0.32,0,0.73,0.38,0,0,0,0,0,0,0.32,0,2.91,3.23,Negative
0.72,0,0.25,0,1.13,1.59,0.98,0,0,0,0,0,0.48,1.62,2.56,1.58,Negative
0,0,0.2,0.2,0,2.75,0.47,0,0,0,0,0,3.21,0.47,0.2,2.95,Negative
0,0,0,0,0,3.77,0,0,0,0,0,0,2.62,0,1.23,3.84,Negative
0.31,0,0,1.67,1.51,0.68,0,0,0,0,0,0,0.13,0,4.02,4.02,Negative
0.67,0,0.22,0,0.41,0.9,0.79,0,0,0,0,0,0,1.04,2.02,1.07,Negative
0.28,0,0,0,1.61,0.97,1.11,0,0,0,0,0,1.38,1.58,2.24,2.04,Negative
0,0,0,0,0,0.9,0.43,0,0,0,0.07,0,0,0.79,0.9,0.18,Negative
0,0,0,0,0,3.62,3.62,0,0,0,0,0,3.62,3.62,0,0,Negative
0,0,3.34,0,3.34,0,0,0,0,0,0,0,3.34,0,0.2,3.54,Negative
0,0,0.3,0,0,0.84,1.23,0.38,1.45,0.38,0,0.65,1.41,1.88,1.62,1.14,Positive
0.18,0,0,0.28,0,0,0.93,0,0,0,0,0,0,0.93,2.33,1.4,Positive
0,0,0,0,0,0.13,0.08,0,0,0,0,0,0.13,0.21,0,0,Positive
0,0,0,0,0,0.28,1.55,0,0.15,0,0,0.15,1.82,1.9,0.08,0,Positive
0,0,0.33,0.77,0,0.18,1.65,0,0,0,0.33,0,1.14,1.65,0.63,0.98,Neutral
0,0,0.3,0.5,0.3,0.75,0,0,2.66,2.05,2.66,2.66,3.71,2.91,0,0.8,Neutral
1.53,0,1.08,0,1.22,0.65,0.38,0,0,0,0,0,2.43,0.65,1.05,2.83,Neutral
0,0,0.12,1.73,0.1,3.2,0,0,0,0,0,0,3.31,0,0.1,3.41,Neutral
0,0,0,0,0,0,0.21,0,0,0,0,0,0,0.21,4.13,3.92,Neutral
0,0,0,0,2.68,0.57,0,0,0.2,0.2,0,0.2,2.68,0.2,0.77,3.25,Neutral
0.75,0,0.2,0,0,1.46,0.5,0,0,0,0,0,0.74,0.5,2.71,2.96,Neutral
0.43,0,0.38,1.2,0.33,1.14,1.69,0,0,0.15,0,0.15,2.56,1.84,1.13,1.97,Neutral
0,0,0,0,0,2.6,1.18,0,0,0,1.18,0,3.79,3.79,0,0,Neutral
0,0,0,0.27,0,4.47,0,0,0,0,0,0,4.47,0.26,0,4.22,Neutral
0,0,0.37,1.69,0.37,2.37,0.14,0,0,0,0,0,0,0.14,3.89,4.13,Neutral
0,0,0.34,2.33,0,1.02,0.79,0,1.04,0,1.49,0.49,2.67,1.83,1.52,2.35,Neutral
0,0,0.92,0.48,0,0,1.83,0.48,0.48,0.48,2.22,0.48,4.06,2.32,0.45,2.19,Neutral
0,0,0,0,0,0.47,0.96,0.18,1.01,0.18,1.09,0.18,1.47,1.54,0.11,0.18,Neutral
0,0,0.37,0.6,0.71,0.84,2.12,0,0,0,1.2,0,3.99,2.12,0.45,2.32,Neutral
0.04,0,0.04,0,3.82,0,0,0,0,0,0,0,3.99,0,0,3.99,Neutral
0,0,1.21,1.12,0,1.27,2.56,0,0.55,0,0.42,0.55,1.89,3.22,3.85,3.32,Negative
0.27,0,0.42,0,1.69,1.47,3.86,0,0,0,1.9,0,3.82,3.98,3.22,3.06,Negative
0.17,0,0.97,0,1.48,1.32,4.15,0,0,0,0,0,1.41,4.15,2.75,2.1,Negative
0.32,0,1.52,0.53,0.7,3.14,1.03,0.92,1.02,0.92,0.92,0.92,4.79,1.62,1.22,5.04,Negative
0,0,0,0,0,0,0.17,0,0,0,0,0.13,0,0.3,7.25,6.95,Negative
0,0,1.87,0.56,0,1.89,1.33,0,0,0,0.53,0,3.24,1.42,2.83,5.45,Negative
0,0,0,0,0,1.87,0.72,0,0,0,0,0,0.35,0.72,7.1,6.54,Negative
0.18,0,0,0,0.35,0.63,1.75,0,0,0,0,0,0.23,0.9,6.3,5.3,Negative
0,0,1.04,0.9,0.98,0.4,3.68,0,0.38,0,0.38,0,1.46,3.85,5.35,2.95,Negative
0,0,0,0,0,4.82,4.82,0,0,0,0,0,6.42,3.08,0,0,Negative
0,0,0.7,1.37,0,6.81,1.97,0,0,0,0,0,7.94,1.28,0,6.65,Negative
0,0,0.15,2.48,0.42,2.44,0,0,0,0,0,0,0.8,0.08,5.95,6.71,Negative
0,0,0,0.69,0,2.8,2.04,0.47,0.22,0.6,0.49,0.67,0.91,2.7,2.4,2.02,Negative
0,0,0,7.4,0,7.4,2.03,0,0,0.17,0,0.17,9.6,2.2,0,7.4,Negative
0,0,0,0.07,0,0.22,0.67,0.33,0.52,0.33,0.52,0.42,0.94,1.09,0.22,0.07,Negative
0,0,0,0,0,0,5.18,0,1.7,0,3.43,1.73,6.88,6.88,0.43,0.43,Negative
0,0,5.25,0.93,0.78,0.94,0.27,0,0,0.15,0,0.15,6.34,0.42,0.77,6.54,Negative
0.3,0,0.4,0,0,0,1.6,0,0,0,1.6,0,0.7,1.6,1.6,0.83,Negative
0,0,0.12,1.48,0.12,1.42,0,0,0,0,0,0,2.08,0,0.18,2.38,Negative
0,0,0,0.28,0,2.36,0,0,0,0,0,0,0,0,2.65,2.65,Negative
0,0,0,0.29,0,0.3,0.3,0,0,0,0,0,0,0.3,2.45,2.15,Negative
0,0,0,0,0,1.13,0.55,0,0,0,0,0,0,1.68,2.5,0.82,Negative
0,0,0,0,0,1.8,0.1,0,0,0,0,0,0.17,0.17,1.6,1.8,Negative
0,0,0,0,0.4,0.55,1.07,0,0,0,0.75,0,0.13,1.43,1.82,0.6,Negative
0,0,0,0.27,0,1.4,0.44,0,0,0,0.44,0,1.1,1.27,0.74,0.57,Negative
0,0,0,0,0,2.33,0.67,0,0,0,0,0,0,3.0,3.11,2.45,Negative
0.19,0,0.19,0.24,0.46,0,0,0,0,0,0,0,0,0,2.72,2.72,Negative
0,0,0.26,0,0.26,0.37,1.71,0,0,0,1.71,0,0.59,2.08,2.08,0.51,Negative
0,0,0,0.27,0.53,1.82,0.66,0,0,0,0,0,1.74,0.66,1.57,2.65,Negative
0,0,0,0.34,0,0.08,1.48,0.21,0.25,0.25,1.03,0.25,0,1.81,2.15,0.34,Negative
0,0,0,0,0,0,2.45,0,0,0,2.45,0,0,2.45,2.45,0,Negative
0,0,0,0.58,0,0.28,0,0.1,0,0.1,0,0.1,1.32,0.38,0.6,1.53,Negative
0,0,0.02,0.87,0,0.85,1.12,0.45,0.45,1.44,1.12,0.84,0.48,1.95,3.0,1.97,Negative
0,0,0,0,0,0.15,1.75,0,0,1.75,3.15,1.75,0.17,3.65,3.48,0,Negative
0,0,0,1.08,0,0.55,2.08,0.13,0,0.13,2.08,0.13,0.68,2.22,2.75,1.22,Negative
0,0,0.23,0.17,0.23,3.1,0,0,0,0,0,0,2.35,1.15,1.67,2.86,Negative
0,0,0.13,0,0,0.17,0,0,0,0,0,0,0.3,0.79,3.91,3.41,Negative
0,0,0,2.64,0,1.55,0.75,0,0,0,0,0,1.15,0.75,2.89,3.29,Negative
0,0,0,0,0,0.79,0.63,0,0,0,0,0,0.49,1.84,3.64,2.29,Negative
0,0,0,1.12,0,1.17,0.92,0,0,0,0.92,0,1.08,0.92,2.94,3.11,Negative
0,0,1.07,0,0.13,1.82,0,0,0,0,0,0,0.14,0,3.78,3.92,Negative
0,0,0.26,0.22,0.26,0.78,1.08,0.27,0.27,1.32,1.27,1.32,0.47,2.4,3.2,1.39,Negative
0,0,0,0,0,0.76,3.77,0,0,0,1.48,0,0,3.93,3.93,0,Negative
0,0.07,0.25,1.89,0.52,0.45,1.38,0,0,0,1.38,0,2.0,1.38,2.43,3.67,Negative
0,0,0,0,0,2.01,4.21,0,0,0,2.2,0,2.2,4.58,2.38,0,Negative
0,0,0,1.96,0.27,1.07,0.22,0,0,0,0,0,3.43,0.65,0.87,3.64,Negative
0,0,0,0,0,0.25,0.25,0,0,0,0,0,1.36,0.4,0.25,1.51,Negative
0,0,0,0.48,0,0.9,0.04,0,0,0,0,0,0,0.34,1.42,1.08,Positive
0,0,0,0,0,0,1.08,0,0,0,1.08,0,0.14,1.22,1.82,0.73,Positive
0,0,0.4,0,0.4,0,1.67,0,0,0,0,0,0,1.67,2.07,0.4,Positive
0,0,0,0,0,0,0.77,0,0.18,0.18,0.75,0.18,0,0.96,0.76,0,Positive
0,0,0,0,0,1.88,1.72,0,0,0,0,0,0,1.93,0.38,0.16,Positive
0,0,0,0,0,0,0.14,0,0,0,0.14,0,0,0.41,2.42,2.01,Neutral
0,0,0,0,0,0.97,1.12,0,0,0,1.12,0,0.97,2.09,1.12,0,Neutral
0,0,0,0,0,0,1.41,0,0,0.61,0.61,0,0.32,1.41,1.73,0.63,Negative
0,0,0,0,0,0,0,0,0,0,0,0,0,0.15,2.25,2.1,Negative
0,0,0,0.38,0,0.88,0,0,0,0,0,0,0.88,0.46,1.17,1.58,Negative
0,0,0,0,0,0.52,0.52,0,0,0,0,0,0,0.52,2.02,1.5,Negative
0,0,0,0,0,0,1.64,0,0,0,1.64,0,0.54,1.64,2.2,1.1,Negative
0,0,0,0,0,1.83,0.93,0,0,0,0,0,1.18,1.83,0.9,0.25,Negative
0,0,0,0,0.58,0,1.92,0,0,0,0,0,1.47,2.16,1.71,1.02,Negative
0,0,0,0,0,0.72,2.72,0.15,0.15,0.15,0.35,0.15,2.19,2.87,0.4,0.07,Negative
0.56,0,0,0.15,0,0.24,1.85,0,0,0,0.75,0,0.78,1.85,2.0,1.17,Negative
0.13,0,0,0.73,0,0.7,0,0,0,0,0,0,1.62,0,0.67,3.02,Negative
0,0,0,0,0,2.93,1.17,0.15,0,0.15,0,0.15,0.15,1.72,3.33,1.76,Negative
0.27,0,0.27,0.2,0,1.52,0.55,0,0,0,0,0,0.61,0.55,2.12,2.18,Negative
0.5,0,0.5,0,0,0.22,0,0,0,0,0,0,0.22,2.54,2.82,1.27,Negative
0.87,0,0.87,0,0,2.16,0.18,0,0,0,0,0,0.18,2.34,3.21,1.33,Negative
0,0,0,0,0,1.19,0.57,0,0,0,0,0,1.0,1.39,1.11,0.98,Negative
0,0,0,0,0,1.99,0.82,0,0,0,0.82,0,2.15,2.51,0,0.46,Negative
0,0,0,0,0,3.14,0.11,0,0,0,0,0,0.48,1.52,1.64,2.01,Negative
0.23,0,0,0.91,0.08,0.66,0,0,0,0,0,0,0.23,0.13,2.72,2.82,Negative
0,0,0,0.27,0,0.37,1.75,0,0,0,1.02,0,0.64,2.34,0.95,0.27,Negative
0.17,0,0,0.43,1.12,1.57,0.25,0,0,0,0,0,3.22,0.25,0.66,3.63,Negative
0,0,0,0,0.12,0.19,1.97,0,0,0,0.92,0,0.21,2.17,1.41,0.48,Negative
0,0,0,0,0,0,2.83,0,0,0,0,0,3.21,3.01,0,0.2,Negative
0.53,0,0,1.06,1.37,0,0.15,0,0,0,0,0,3.11,0.15,0,2.96,Negative
0,0,0,0,0,1.91,1.91,0,0,0,0,0,0,1.91,1.91,0,Negative
0,0,0,0,0.52,1.15,0,0,0,0,0,0,0.68,0.12,1.17,1.73,Negative
0,0,0,0.97,0,0.4,0,0,0,0,0,0,0.4,0.54,1.51,1.37,Negative
0.32,0,0.61,0,0.61,0,0.9,0,0,0,0.32,0,0,1.0,1.92,1.02,Negative
0,0,0,0.09,0,1.99,0.75,0,0,0,0,0,0.75,0.75,1.48,1.48,Negative
0.08,0,0.08,0.1,0,0.76,0.46,0,0,0,0,0,0.17,0.71,0.78,0.25,Negative
0,0,0,0,0,2.18,0.29,0,0,0,0,0,1.9,2.18,0,0,Negative
0,0,0,0.32,0.11,0,0,0,0,0,0,0,2.17,0,0,2.17,Negative
0,0,0,0,0,1.3,1.3,0,0,0,0,0,0,1.3,0,0,Positive
0,0,0,0,0,0.88,0.4,0,0,0,0,0,0.13,0.98,0.97,0.39,Positive
0,0,0,1.68,0,1.59,0,0,0,0,0,0,0,0,1.91,1.91,Positive
0,0,0,0,0,0.29,1.34,0,0,0,0,0,0.74,1.45,0.71,0,Positive
0.57,0,0,0,0,0,0.43,0,0,0,0,0,0.89,0.43,0.65,1.1,Positive
0,0,0,0,0,0.58,0.67,0,0,0,0,0,0.5,0.67,1.25,1.08,Neutral
0,0,0,0,0,1.56,1.56,0,0,0,0,0,0,1.56,1.56,0,Neutral
0.33,0,0.33,0,0,0.43,0.45,0,0,0,0,0,0,0.88,1.02,0.57,Neutral
0,0,0,0,0,1.4,0,0,0,0,0,0.22,0,1.62,1.62,0,Neutral
0,0,0,1.32,0,0,0,0,0,0,0,0,0,0,1.32,1.32,Neutral
0,0,0,0,0,0.18,0,0,0,0,0,0,0,0,1.42,1.42,Neutral
0.62,0,0,0,0,0.1,0.1,0,0,0,0,0,0.1,0.1,0.71,0.71,Neutral
0.3,0,0,0,0,0.53,0.42,0,0,0,0,0,0.2,0.75,1.05,0.5,Neutral
0,0,0,0,0,1.21,0.33,0,0,0,0.33,0,0,1.17,0.83,0.38,Neutral
0,0,0,0,0,0.26,1.24,0,0,0,0.26,0,0.26,1.4,1.14,0,Neutral
0,0,0,0,0.29,0.49,0.67,0,0,0,0,0,0.29,0.82,1.16,0.78,Neutral
0,0,0,0.08,0,0.2,0.24,0,0,0,0.03,0,0.13,0.31,0.17,0.08,Neutral
0,0,0.2,0.22,0.72,0,0.57,0,0,0,0.57,0,0.57,0.57,1.07,1.08,Neutral
0,0,0,0,0,1.47,0,0,0,0,0,0,1.47,1.47,0,0,Neutral
0,0,0,0,1.38,0,0,0,0,0,0,0,1.58,0,0,1.58,Neutral
0,0,0,0,1.32,0.42,2.71,0,0,0,1.27,0,1.32,2.71,3.16,1.76,Negative
2.06,0,0.73,0,0,1.95,0,0,0,0,0,0,0.38,1.86,4.03,2.81,Negative
0,0,0,0.22,0.5,0.79,1.65,0,0,0,0.87,0,0.76,2.25,3.72,2.23,Negative
0,0,0,0,0,4.51,0,0,0,0,0,0,2.27,2.24,0,2.27,Negative
0.24,0,0,0.47,0,2.75,0,0,0,0,0,0,0,0.78,4.77,3.99,Negative
0,0,0,1.72,0.9,2.28,0.19,0,0,0,0,0.12,2.91,2.59,2.74,3.17,Negative
0,0,0,0,0,3.66,2.96,0,0,0,0,0,4.41,4.41,0,1.45,Negative
0,0,0,0,4.1,0,0,0,0,0,0,0,4.66,0.25,0,4.41,Negative
0,0,0,0,0,0.45,1.07,0,0,0,0,0,0.77,1.07,1.07,0.77,Negative
0,0,0,0,0,0.45,1.28,0.1,0.1,0.1,0,0.22,0.4,1.5,1.4,0.3,Negative
0.17,0,0,0,0.17,0.43,0.9,0,0,0,0,0,0.6,0.9,1.07,0.77,Negative
0,0,0,0.32,0,0.61,0,0,0,0,0,0,0,0.12,1.44,1.44,Negative
0,0,0,0,0,0,0.26,0,0,0,0.26,0,0,0.26,2.32,2.06,Negative
0,0,0,0.23,0,0.48,0.93,0,0,0,0,0.33,0.93,0.93,0.72,0.72,Negative
0,0,0,0.62,0,0.78,0.33,0,0,0,0,0,0.45,0.33,1.51,1.62,Negative
0.23,0,0.3,0,0,0.7,1.38,0,0,0,0,0,0.21,1.38,1.7,0.53,Negative
0.35,0,0.35,0.38,0.4,1.0,0.62,0,0,0,0,0,0,0.62,1.75,1.13,Negative
0,0,0,0,0,1.95,0,0.28,0.28,0.28,0.28,0.28,0,0.28,2.24,1.95,Negative
0,0,0,1.78,0,1.78,0,0,0,0,0,0,1.67,0,0.12,1.78,Negative
0.18,0,0,0.12,0.17,0,0,0,0,0,0,0,0,0,1.86,1.86,Negative
0,0,0,0,0,0,0,0,0,0,0,0,0,0,0,0,Negative
0,0,0,0.14,0,0.77,1.15,0,0,0,0.09,0,0,1.15,1.39,0.23,Negative
0,0,0,0,0,0.07,1.81,0,0,0,0,0,1.55,1.87,0.32,0,Negative
0,0,0,0,2.01,0,0,0.18,0.18,0.18,0,0.18,2.01,0.18,0.18,2.01,Negative
0,0,0.3,0.28,0.3,0.28,0.6,0,0,0,0.3,0.52,0.17,1.28,1.7,0.58,Negative
0,0,0,0,0,0.17,1.97,0,0,0,0,0,0,1.97,2.13,0.17,Negative
0,0,0,0,0,0.38,1.63,0,0,0,0,0,0,1.63,2.2,0.57,Negative
0,0,0,0,0,1.61,0,0,0,0,0,0,1.61,0,0,1.61,Negative
0,0,0,0,0,2.03,0,0,0,0,0,0,0,0.13,2.17,2.03,Negative
0,0,0.32,0.52,0.69,0.35,0.35,0,0,0,0,0,0.32,0.35,1.24,1.2,Negative
0,0,0,0,0,0.32,0,0,0,0,0,0,0.63,0.75,1.3,1.5,Negative
0.35,0,0,0,0.32,0.25,0.01,0,0,0,0,0,0.25,0.61,1.28,0.92,Negative
0,0,0.62,0,0.62,0.8,1.02,0,0,0,0,0,0.22,1.02,1.78,0.99,Negative
0,0,0,0,0,1.81,0,0,0,0,0,0,1.81,0,0,1.81,Negative
0,0,0,0.43,0,1.95,0.26,0,0,0,0,0,1.95,0.26,0,1.95,Negative
0.78,0,0.61,0,1.07,0,0,0,0,0,0,0,0.1,0,1.9,2.0,Negative
0,0,0,0,0,1.52,1.37,0,0,0,0.51,0.18,0.18,1.71,2.02,0.66,Negative
0,0,0.17,0.18,0,0.99,0,0,0,0,0,0,1.22,0.23,0.58,1.87,Negative
0.09,0,0.47,0,0.07,0.25,0.48,0,0,0,0,0,0.58,0.48,0.28,0.54,Negative
0,0,0,0,0,0.72,1.25,0,0,0,0,0,1.25,1.25,0.72,0.72,Negative
1.95,0,0,0,0,0,0,0,0,0,0,0,1.95,0,0,1.95,Negative
0,0,0,0.37,0,0.37,0.8,0,0,0,0.57,0,0.65,0.8,1.17,1.02,Negative
0,0,0,0.35,0,0.52,1.53,0,0,0,0.67,0,0.17,1.53,1.72,0.35,Negative
0.37,0,0.47,0.7,0.25,0.22,0.23,0,0,0,0.23,0,0.15,0.23,1.53,1.67,Negative
0.65,0,0.65,0,0,1.26,0,0,0,0,0,0,0.33,0,0.93,1.91,Negative
0,0,0,0,0,2.01,0.87,0,0,0,0,0,0,1.02,2.16,1.15,Negative
0,0,0,0,0,2.09,0,0,0,0,0,0,0,0,2.09,2.09,Negative
0.73,0,0.73,0,0,0.43,0.98,0,0,0,0.36,0,0,1.42,2.15,0.73,Negative
0,0,0,0,0,2.05,0,0,0,0,0,0,0.27,0,1.79,2.05,Negative
0,0,0,0.12,0,0.94,0.51,0,0,0.1,0.18,0.1,0,1.12,1.37,0.37,Negative
0,0,0,0,0,0.96,0.98,0,0,0,0,0.22,0,2.16,1.94,0.96,Negative
1.73,0,0,0,0.35,0,0,0.13,0,0.13,0,0.13,1.73,0.13,0.33,1.93,Negative
0,0,0,0.19,0,0.6,1.23,0,0,0,1.23,0,0.79,1.23,1.23,0.79,Positive
0,0,0,0,0,2.55,0.12,0,0,0,0,0,0.24,0.12,2.66,2.79,Positive
0,0,0,0,0,0,0,0,0,0.13,0,0.13,0.13,0.13,2.37,2.37,Positive
0,0,0,1.15,0,0,0.23,0,0,0,0,0,0.43,0.23,1.77,1.97,Positive
0,0,0,0,0.35,0.63,0.38,0,0,0,0,0,0,1.01,2.01,1.0,Positive
0,0,0,0,0.38,0.3,1.05,0,0,0,0.32,0,0.18,1.05,1.92,1.05,Positive
0,0,0,0,0,2.14,0,0,0,0,0,0,0,2.14,2.14,0,Positive
0,0,0,0.95,0,1.16,0.16,0,0,0,0,0,0.77,0.16,1.16,1.77,Positive
0,0,0,0.17,0,0.69,0.26,0,0,0,0,0.08,0.41,0.62,0.81,0.67,Positive
0,0,0,0,0.61,1.25,0,0,0,0.07,0,0.07,0.95,0.17,1.82,2.6,Positive
0,0,0,0,0,1.93,2.25,0,0,0,0.32,0,2.25,2.25,0,0,Positive
0,0,0,0,2.2,0,0,0,0,0,0,0,2.2,0,0,2.2,Positive
0,0,0,0,0,0.48,1.35,0,0,0,0,0,0.28,1.35,1.83,0.77,Neutral
0,0,0,0,0,0,2.27,0,0,0,0,0,0,2.38,2.27,0,Neutral
0,0,0.28,0,0,0.51,1.92,0,0,0,0,0,0.51,1.92,1.7,0.28,Neutral
0,0,0,0,0,2.2,0,0,0,0,0,0,0,2.2,2.2,0,Neutral
0,0,0,0.64,0,0.57,0,0,0,0,0,0,0.33,0.57,1.72,2.05,Neutral
0,0,0,0,0,1.78,1.53,0,0,0,0,0,0.1,1.63,1.78,0.25,Neutral
0,0,0,0,0,2.22,0,0,0,0,0,0.3,2.22,0.3,0,2.22,Neutral
0,0,1.52,0.8,0,0.8,0.1,0,0,0,0,0,1.54,0.1,0.89,2.33,Neutral
1.12,0,1.12,0.2,0,0.83,0.12,0,0,0,0.12,0.12,0,0.12,2.21,2.09,Neutral
0.21,0,0,0,0,0.18,0.14,0.62,0.62,0.62,0.51,0.77,0.21,0.77,0.95,0.4,Neutral
0,0,0,0.21,0,1.94,0.98,0,0,0,0,0,0.7,0.98,0.98,1.94,Neutral
0,0,0,0.15,0.32,0,0.12,0.11,0.11,0.11,0.12,0.11,0,0.23,1.25,1.02,Neutral
0.82,0,0.55,0,0,0.23,0,0,0,0,0,0,1.0,0.32,1.02,2.09,Neutral
0,0,0,0,0,1.55,2.21,0,0,0,0.66,0,0.19,2.21,0,0,Neutral
1.2,0,0,0,0.78,0.28,0,0,0,0,0.18,0.18,1.62,0.18,0.47,1.9,Neutral
0,0,0,0.3,0,0.65,1.29,0,0,0,0.22,0.78,0.3,1.39,2.12,1.13,Negative
0,0,0,0,0,0,1.67,0,0,0,1.67,0,0,1.67,1.78,0.12,Negative
0,0,0.63,0.22,0.8,0.22,1.13,0,0,0,0,0,0.45,1.13,1.88,1.2,Negative
0,0,0,0,0,0.87,0.47,0,0,0,0.15,0,1.51,0.47,0.47,1.51,Negative
0,0,0,0,0,0,0,0,0,0,0,0,0,0.17,2.33,2.16,Negative
0,0,0,0.78,0,0.45,0.25,0,0,0,0,0,0.45,0.25,1.37,1.57,Negative
0,0,0.32,0,0,0,0,0,0,0,0,0,0.32,0,0.65,0.96,Negative
0,0,0,0,0.4,0.45,0.52,0,0,0,0,0,0,0.97,2.38,1.41,Negative
0,0,0,0,1.07,0.73,0,0,0,0,0,0,0.43,0,1.85,2.28,Negative
0,0,0,0,0,2.27,0,0,0,0,0,0,0,0,2.27,2.27,Negative
0,0,0,0.22,0,2.23,0,0,0,0,0,0,0.36,0.14,2.23,2.45,Negative
0,0,0.35,0.55,0,0,0,0,0,0,0,0,0,0,2.32,2.32,Negative
0,0,0.23,0.18,0,0.38,0.9,0,0,0,0.63,0,0.36,0.9,1.5,0.96,Negative
0.3,0,0.86,0,0.78,0,0.55,0,0,0,0,0,2.07,0.55,0.82,2.34,Negative
0,0,0,0,0,0,0.44,0.58,0.58,0.37,0.79,0.79,0,1.23,1.4,0.17,Negative
0,0,0,0,0,1.26,0.93,0,0,0,0,0,1.15,2.41,1.26,0,Negative
2.07,0,0,0,2.14,0,0,0,0,0,0,0,2.07,0,0.08,2.14,Negative
0,0,0,0.9,0,1.42,1.14,0,0,0,0,0,1.17,1.6,1.55,1.11,Negative
0,0,0,0,0,0,2.3,0,0,0,2.3,0,0,2.3,2.3,0,Negative
0,0,0,0.3,0,0.3,1.92,0,0,0,0,0,0.3,1.92,1.92,0.3,Negative
0,0,0,0,0,0.5,0.95,0,0,0,0,0,1.25,0.95,1.13,1.43,Negative
0,0,0,0.48,0,0.35,1.45,0,0,0,0,0,0,1.45,2.73,1.28,Negative
0,0,0,0.38,0,0,1.43,0,0,0,0,0,0.63,1.43,1.77,0.97,Negative
0,0,0,0,0,0.32,0.37,0,0,0,0,0,0,2.05,2.05,2.0,Negative
0,0,0,0,0,0,0,0,0,0,0,0,0,1.43,2.77,1.33,Negative
0,0,0.3,0,0,0,1.55,0,0,0,0,0,0,1.55,2.5,0.95,Negative
0,0,0,0,0,2.51,0,0,0,0,0,0,0,0,2.51,2.51,Negative
0,0,0,0.65,0,2.56,0,0,0,0,0,0,0.51,0.17,2.21,2.56,Negative
0.99,0,0,0,0.42,0.43,0,0,0,0,0,0,0,0.43,2.45,2.34,Negative
0,0,0,0.4,0,0.74,1.32,0.27,0.27,0.27,1.13,0.43,0.27,1.59,2.59,1.27,Negative
0,0,0,0.43,0.4,2.71,2.54,0,0,0,0,0.06,1.16,2.6,2.45,1.01,Negative
0,0,0,0,0,0.09,0.84,0.16,0.22,0.16,0.48,0.22,0,1.06,1.06,0,Negative
0.27,0,0.2,0,0.72,0.37,0.67,0,0,0,0,0,1.05,0.67,1.06,1.43,Negative
0,0,0,0.92,0,2.17,0.4,0,0,0,0,0,0.24,0.4,1.32,2.17,Negative
1.5,0,0,0,1.07,0.65,0.63,0,0,0,0,0,1.68,0.63,0.7,1.75,Negative
0,0,0,0.3,0,0.3,0.97,0,0.51,0,1.48,0.51,1.4,1.48,0.97,0.88,Negative
0,0,0,0,0,0,2.23,0,0,0,0.75,0,2.1,2.23,0.13,0,Negative
0,0,0,0,0,0.82,1.1,0.1,0.1,0.1,0.1,0.1,1.92,2.02,0.1,0,Negative
0,0,0,0,0,2.46,1.27,0,0,0,0,0,0,1.27,3.72,2.46,Negative
0.32,0,0,0.77,0.32,0.95,0.5,0,0,0,0,0,0.5,0.5,1.3,1.48,Negative
0,0,0,0,0,1.25,1.55,0,0,0,0,0,0.32,1.86,1.56,0.63,Negative
0.12,0,0,0,0.25,1.17,0,0,0,0,0,0,0,0.83,0.9,0.9,Negative
0.78,0,0.43,0,0.43,1.3,0,0,0,0,0,0,0.67,1.33,1.57,0.9,Negative
0,0,0,0.71,0,1.8,0.22,0,0,0,0,0,2.01,0.22,0.8,2.6,Negative
0.47,0,1.49,0,0.96,0,0,0,0,0,0,0,0,0,1.9,1.9,Negative
0,0,0.09,0.04,0.18,0.93,0.92,0,0,0,0.92,0,0.89,1.38,0.76,0.65,Negative
0,0,0,0,0,0.61,2.51,0,0,0,0,0,3.12,2.51,0,0.61,Negative
0,0,0,0,0,0.15,0.94,0,0,0,0.47,0,0.68,0.94,0.41,0.15,Negative
0,0,0,0,0,0,0,0,0,0,0,0,0.68,0,1.73,2.41,Negative
0,0,0,0,0,0.4,0.42,0.13,0,0.2,0,0.2,0.18,0.62,2.53,2.1,Negative
0,0,0,0,0,2.83,0,0,0,0,0,0,0,0,2.83,2.83,Negative
0.43,0,0.43,0.02,0.43,0.79,0,0.68,0.68,0.68,0.68,0.68,0.02,0.68,2.53,1.87,Negative
0.13,0,0.54,0,0.3,0.21,0.27,0,0,0,0,0,1.11,0.47,1.37,2.14,Negative
0,0,0,0,0,2.64,2.16,0,0,0,0,0,2.64,2.16,0,0.48,Negative
0,0,0,0,0.65,0.17,0,0,0,0,0,0,2.07,0.17,0.4,2.3,Negative
0.25,0,0.25,0,0,0.47,2.02,0,0,0,0,0,0,2.02,2.74,0.72,Neutral
0,0,0,0.5,0,0.72,0.45,0,0,0,0,0,0.17,1.17,2.03,1.03,Neutral
0,0,0,2.05,0,2.27,0,0,0,0,0,0,0.63,0,1.97,2.6,Neutral
0,0,0,0,0,1.15,2.16,0,0,0,0,0,1.26,3.42,0,0,Negative
0.12,0,0,0.48,0.47,0.85,1.65,0,2.05,0.62,0,0,2.45,2.63,3.01,2.83,Negative
0,0,0,0.27,0.31,0.87,1.98,0.88,1.45,0.88,0.88,0.13,1.46,3.23,3.28,1.51,Negative
0.5,0,0.4,0,0.72,0.36,1.6,0,1.52,0.35,0,0,1.9,1.95,3.15,3.1,Negative
0.07,0,0,0.75,1.02,1.12,1.62,0,0.6,0,0,0,1.23,1.7,3.29,2.81,Negative
0,0,0,3.46,0,4.44,0,0,0,0,0,0,0,2.4,5.87,3.58,Negative
0,0,0.2,0.47,0.75,0,1.02,0,0,0,0,0,1.05,1.53,3.61,3.37,Negative
0.27,0,0.27,2.44,0,1.93,0,0,0,0,0,0,1.55,0,3.87,5.42,Negative
0.83,0,0.47,0.1,0,0.62,0.93,0.25,0.4,0.25,0.25,0.25,0.32,1.6,4.26,2.97,Negative
0,0,0,0.27,0.38,0.39,1.33,0,1.53,0.5,0,0,0.58,2.22,5.14,3.5,Negative
0,0,0,2.38,0,6.42,0,0,0,0,0,0,2.18,3.69,4.23,3.2,Negative
0,0,0.23,1.97,0.23,3.39,0.32,0,0.32,0,0,0,0.95,0.62,4.94,5.26,Negative
0,0,0,1.43,0,1.26,0.24,0.81,0,0.81,0.81,0.81,1.15,1.62,2.22,1.95,Negative
0,0,0,1.18,1.42,0.8,2.45,0,0,0,0,0,3.48,3.01,3.66,4.13,Negative
0,0,0,0.07,0,0.25,1.34,0.42,0.75,0.5,0.42,0.22,0,2.01,2.16,0.15,Negative
0,0,0,0.42,0,4.18,1.1,0,0.22,0.22,0,0,0.42,5.15,5.5,0.77,Negative
0.55,0,0.18,0.25,0.83,0.37,0.18,0,0,0,0,0,4.06,0.47,1.25,4.85,Negative
0,0,0,0.91,0,1.32,0.42,0,0,0.32,0,0,0.68,0.73,1.64,1.59,Negative
0,0,0,0.08,0.28,0.33,0.35,0,1.28,0.93,0,0,0.82,1.28,1.75,1.28,Negative
0,0,0,0.07,0,1.95,0.5,0,0,0,0,0,2.15,0.8,0.67,2.01,Negative
0,0,0,2.56,0,0,0,0,0,0,0,0,0,0,2.56,2.56,Negative
0,0,0,1.12,0,1.59,0,0,0,0,0,0,0.47,1.25,2.07,1.28,Negative
0.18,0,0,0,0,0,0.63,0,0.97,0.33,0,0.07,0,1.03,1.78,0.75,Negative
0,0,0,0,0,0.92,0.4,0,0,0,0,0,0.92,0.4,1.71,2.23,Negative
0,0,0,0,0,1.95,0.37,0,0.37,0,0,0,2.32,0.37,0.45,2.39,Negative
0.14,0,0,0.92,0,0.98,1.32,0,0,0,0,0,0,1.38,2.45,1.07,Negative
0,0,0,1.1,0,2.05,0,0,0,0,0,0,0,0,2.99,2.99,Negative
0,0,0,0.39,0,0.84,0.11,0.61,0.32,0.93,0.47,0,0.33,1.88,2.23,0.91,Negative
0,0,0,1.05,0,1.21,0,0,0,0,0,0,1.63,0,1.27,2.91,Negative
0,0,0,0,0.07,0,0.75,0.13,1.4,0.85,0,0,0,1.6,1.67,0.07,Negative
0.07,0,0.07,0.44,0.12,0.11,0,0,0,0,0,0,0.59,0,1.34,1.93,Negative
0,0,0,0.53,0,0.53,1.17,0,1.7,0.78,0,0,1.7,1.95,0.78,0.53,Negative
0,0,0,0,0,0,0,0,0,0,0,0,2.5,0,0.25,2.75,Negative
0,0,0,0.15,0,0.15,0.86,0,0.9,0.3,0.3,0,1.01,1.16,0.43,0.88,Negative
0,0,0,0,0,1.43,1.3,0,0.62,0,0,0,0.68,1.3,2.04,1.43,Negative
0,0,0,0.49,0,0.49,1.77,0,1.48,0,0,0,2.51,1.77,0.17,0.91,Negative
0,0,0,0,0,0.47,2.13,0,0,0,0,0,2.85,2.19,0,0.66,Negative
0,0,0,0.18,1.52,0.18,0.23,0,0,0,0,0,2.08,0.23,0.42,2.27,Negative
0,0,0.55,0,0,0,1.51,0,1.51,0,0,0,0.32,1.51,2.06,0.87,Positive
0,0,0,0,0,0,0,0,0,0,0,0,0,0,2.45,2.45,Positive
0,0,0,0.1,0.45,0.1,0,0,0,0.18,0,0,1.12,0.18,0.92,1.87,Positive
0,0,0,1.68,0,0,0.32,0,0,0,0,0,1.68,0.32,0.32,1.68,Positive
0,0,0,0.33,0,2.35,0,0,0,0,0,0,0,0,2.35,2.35,Positive
0,0,0,0.66,0,1.35,0,0,0,0,0,0,0.66,0.15,0.83,1.35,Positive
0,0,0,0.3,0,0.89,0,0,0,0,0,0,0.55,0.55,1.56,1.56,Positive
0,0,0.45,0,0.45,0.68,0.25,0,0.45,0.2,0,0,0.16,0.45,1.68,1.39,Positive
0.18,0,0,0.17,0.37,0.17,1.18,0,0.53,0,0,0,0.38,1.18,1.9,1.1,Positive
0,0,0,0,0,1.36,0.78,0,0.78,0,0,0,2.14,0.78,0,1.36,Positive
0,0,0,0.33,0,1.87,0,0,0,0,0,0,1.24,0,0.8,2.04,Positive
0.33,0,0,0.52,0,2.29,0,0,0,0,0,0,0,0,2.62,2.62,Positive
0,0,0,0,0,0.69,0.24,0.62,0.24,0.62,0,0,1.0,1.07,0.67,0.69,Positive
0,0,0,1.25,0.42,1.33,0.17,0,0,0,0,0,2.0,0.17,0.97,2.81,Positive
0,0,0,0,0,0.07,0.32,0,0,0,0,0,0.07,0.32,0.32,0.07,Positive
0.15,0,0.1,0,1.03,0.23,0,0,0,0,0,0,1.05,0.23,1.51,2.32,Positive
0.22,0,0.22,0,0,1.42,0.67,0,0.22,0,0,0,1.87,1.24,0.44,1.63,Positive
0,0,0,0,0.82,0,0.28,0,0.28,0,0,0,1.8,0.28,0.43,1.95,Positive
0,0,0.32,0,0.32,1.4,1.9,0,2.23,0,0,0,1.25,2.23,3.99,3.01,Neutral
0,0,0,0.06,0.18,0.51,2.88,0,3.17,0,0,0,1.05,3.17,3.8,1.75,Neutral
0.92,0,0.25,0,0.6,0.48,1.17,0,0.4,0.08,0,0,1.72,1.25,2.88,3.35,Neutral
0,0,0,0.27,0,5.3,0,0,0,0,0,0,0,0,5.41,5.3,Neutral
0,0,0,0,0.33,0,1.23,0,0.35,0,0,0,1.4,1.23,3.2,3.37,Neutral
1.13,0,0.77,0.29,0.44,1.33,0.76,0,0,0,0,0,0.55,1.87,4.52,4.04,Neutral
0,0,0,0.18,1.25,0.93,1.65,0,1.35,0,0,0,0.98,1.65,3.87,3.39,Neutral
0,0,0,0.23,0,2.31,1.75,0,0,0,0,0,4.52,2.93,0.78,2.37,Neutral
0,0,0,1.51,0,4.41,0.87,0,0,0,0,0,2.95,0.87,2.48,4.56,Neutral
0,0,0,0.48,0,2.98,1.05,0,1.05,0,0,0,2.63,2.72,4.3,4.21,Neutral
0,0,0,0,0,0.58,0.82,0,0.61,0.07,0,0,0,1.29,1.47,0.18,Neutral
0,0,0,0,0,0,0.36,0,0.36,0,0,0,1.17,0.36,1.07,1.88,Neutral
0,0,0,0,0,1.38,3.58,0,0,0,0,0,3.04,3.77,0.25,1.45,Neutral
0,0,0,1.55,0,1.99,0.47,0.83,0,0.83,0.43,0.4,2.47,1.75,2.03,2.61,Negative
0,0,0,0.12,0,0.42,1.95,0.5,1.53,0.7,0,0,1.26,2.73,2.4,1.13,Negative
0,0,0.33,0.22,0.48,0.61,0.42,0.17,2.02,1.82,0.17,0.17,0.97,2.93,3.57,1.61,Negative
0.18,0,0.18,0.91,0,1.48,0.36,0,0.2,0,0,0,3.27,0.73,1.21,3.75,Negative
0,0,0,0.63,0,0,0,0,0,0,0,0,0,1.77,5.63,3.86,Negative
0,0,0,0.46,0,0.31,0.65,0,0.65,0,0,0,0.63,0.65,3.86,3.85,Negative
0.82,0,0.82,1.0,0,0.25,0,0,0,0,0,0,0.52,0,4.06,4.58,Negative
0.32,0,0.38,1.19,0.2,1.19,0.6,0,0.5,0,0,0,0.32,1.15,3.13,2.3,Negative
0,0,0.33,0.96,0.33,0.85,0.62,0,1.27,0.68,0,0,0.83,1.31,3.34,2.86,Negative
0,0,0,1.08,0.25,1.45,1.15,0,2.62,1.81,0,0,1.08,3.32,3.21,1.33,Negative
0.27,0,0.27,0.98,0,4.63,0.27,0,0.27,0,0,0,0.57,0.27,4.59,4.89,Negative
0.13,0,0.13,0.27,0,3.95,0,0,0,0,0,0,0.13,0.47,5.45,5.11,Negative
0,0,0,0.23,0,0.42,0.69,1.14,0,1.14,0.79,0.91,0.46,3.26,3.43,0.85,Negative
0,0,0,1.6,0,3.92,0,0,0,0,0,0,3.34,0.14,3.06,6.25,Negative
0,0,0,0,0,0,0.44,0,0.34,0,0,0,0,0.44,0.44,0,Negative
0.48,0,0.12,0.48,0.37,0.71,0.85,0,0.63,0,0,0,0.97,0.85,2.35,3.06,Negative
0,0,0,1.27,0,0.98,2.81,0,1.21,0,0,0,1.37,2.81,2.81,1.65,Negative
0,0,0,0.27,0.62,1.17,0,0,0,0,0,0,3.79,0.53,0.85,4.11,Negative
0,0,0.33,0.93,0.33,0,1.69,0,0.95,0,0,0,1.45,1.69,2.9,2.66,Negative
0.69,0,0.5,0,0.57,0,1.58,0,0.58,0,0.3,0,1.9,1.58,2.62,2.94,Negative
0,0,0,2.5,0,0.01,0,0,0,0,0,0,1.66,0.01,2.32,3.97,Negative
0,0,0,0,0,4.7,0,0,0,0,0,0,3.45,3.8,1.68,1.32,Negative
0,0,0,0,0.22,0.4,1.17,0,0.27,0.07,0.07,0,0.71,1.57,1.46,0.6,Negative
0.71,0.17,0.17,0,1.44,0.47,0,0,0,0,0,0,1.49,0.47,1.24,2.26,Negative
0,0,0,0,0,0,1.75,0,0.6,0.6,0.6,0,0,1.75,1.92,0.17,Negative
0,0,0,0,0.23,0,0,0,0,0,0,0,0.48,0,1.42,1.9,Negative
0,0,0,0.6,0,0,0,0,0,0,0,0,0,1.89,2.48,0.6,Negative
0,0,0,0,0,0,0,0,0,0,0,0,0,0,2.3,2.3,Negative
0.25,0,0.35,0.47,0.6,0.48,0,0,0,0,0,0,0,0.82,2.22,1.4,Negative
0,0,0,0,0,2.31,0,0,0,0,0,0,0,2.31,2.31,0,Negative
0,0,0,0.43,0,0.87,0,0,0,0,0,0,0.79,0.32,1.77,2.25,Negative
0,0,0,0,0,0.27,1.39,0,0,0,0,0,0.23,1.65,2.12,0.7,Negative
0,0,0,0.13,0,0.2,1.03,0,1.03,0,0.82,0,0.67,1.03,1.37,1.0,Negative
0.4,0,0.4,0,0,0,0.97,0,0,0,0,0,0.7,0.97,1.54,1.27,Negative
0.07,0,0.07,1.92,0,0,0,0,0,0,0,0,1.92,0,0.07,1.99,Negative
0,0,0,0.27,0,0,0,0,0,0,0,0,0,0,2.38,2.38,Negative
0.32,0,0,0.54,0,0.63,0,0,0,0,0,0,0.22,0.63,1.74,1.32,Negative
0,0,0,0,0,0,0.3,0,0,0,0,0,0,0.3,0.67,0.37,Negative
0,0,0,0.08,0.44,0.53,0.35,0,0.35,0,0,0,0.08,0.73,1.81,1.16,Negative
0,0.17,0,0.31,0,1.78,0,0,0,0,0,0,0.17,1.52,2.09,0.74,Negative
0,0,0,0.23,0,2.31,0,0,0,0,0,0,0.64,0,1.9,2.54,Negative
0,0,0,0.27,0,2.32,0,0,0,0,0,0,0.12,1.89,2.59,0.82,Negative
0,0,0.48,0,0.48,0.72,0.67,0,0,0,0,0,0.42,0.67,1.59,1.35,Negative
0,0,0.68,0.13,1.37,0.68,0,0,0,0,0,0,1.06,0.68,1.92,2.3,Negative
0,0,0,0,0,0.09,0.87,0,0.57,0,0.3,0,0,0.96,1.25,0.29,Negative
0.96,0,0.26,0,0.97,0,0,0,0,0,0,0,1.54,0,0.86,2.4,Negative
0,0,0,0.3,0,0.1,0.38,0,0.38,0,0,0,0.65,0.92,0.92,0.65,Positive
0.2,0,0,0,0.2,0.2,1.38,0,0,0,0,0,0.33,1.58,1.58,0.33,Positive
0,0,0,0,0,0.77,0.2,0,0,0,0,0,1.33,0.97,0.77,1.13,Positive
0,0,1.03,0,1.03,0,0,0,0,0,0,0,0.2,0,1.3,1.5,Positive
0.3,0,0.3,1.2,0,0.52,0,0,0,0,0,0,0,0.52,2.02,1.5,Positive
0,0,0,0,0,0.77,0.32,0,0,0,0,0,0,1.24,1.24,0,Positive
0,0,0,0,0,1.82,0,0,0,0,0,0,1.82,1.82,0,0,Positive
0,0,0,0,0.12,0,0,0,0,0,0,0,1.67,0,0.12,1.78,Positive
0.17,0.07,0.65,0.64,0.81,0.35,0,0,0,0,0,0,1.28,0.08,0.83,2.03,Neutral
0,0,0,0,0,0.22,0.58,0,0,0,0,0,1.0,0.58,0.78,1.2,Negative
0,0,0,0,0,0.17,0,0,0,0,0,0,0.4,0.23,1.43,1.6,Negative
0,0,0.25,0.53,0.18,0.15,0,0,0,0,0,0,0.5,0.37,1.5,1.63,Negative
1.18,0.07,0.67,0,0.49,0.2,0,0,0,0,0,0,1.3,0.2,1.39,2.49,Negative
0,0,0,0,0,1.03,0.73,0,0.35,0.35,0.35,0,1.38,1.08,0.73,1.03,Negative
0,0,0,0,0,0,0,0,0,0,0,0,1.94,0,0.17,2.11,Negative
0,0,0,0.6,0,0,1.34,0,0,0.9,0,0,1.18,1.34,1.55,1.4,Negative
0.21,0,0,0,0,0,2.55,0,0,0,0,0,0.33,2.55,2.55,0.33,Negative
0.33,0,0,0.12,0.33,0.87,0.55,0,0,0.55,0,0,0.27,1.42,2.13,0.98,Negative
0,0,0.9,0.36,0.9,0.28,0,0,0,0,0,0,0.94,0.28,1.08,1.74,Negative
0,0,0,0.65,0,2.19,0,0,0,0,0,0,0,2.19,2.88,0.7,Negative
0,0,0,0.48,0.93,0,1.11,0,0,0,0,0,0.93,1.11,1.59,1.42,Negative
0,0,0,0,0,0.3,0,0,0,0,0,0,0.3,0.45,2.57,2.41,Negative
0.47,0,0,0,0,0.33,0,0,0,0,0,0,0.32,1.03,1.98,1.27,Negative
0,0,0,1.02,0,0.48,0.85,0,0,0,0,0,0.33,1.21,2.16,1.27,Negative
0,0,0,0,0,2.04,0.33,0,0,0,0,0,2.57,2.37,0,0.2,Negative
0,0,0,0,0,2.31,0,0,0,0,0,0,0,0.37,2.95,2.58,Negative
0,0,0,0,0,0.66,0.7,0.18,0.47,0.95,0.47,0.18,0.33,1.51,1.9,0.73,Negative
0,0,0,0.71,0.16,0,0.24,0,0,0,0,0,1.64,0.24,1.53,2.93,Negative
0,0,0,0,0,0.38,0.73,0,0,0,0,0,0.07,1.1,1.22,0.19,Negative
0,0,0,0.95,0,0.96,0,0,0,0,0,0,0.95,1.93,1.93,0.95,Negative
0,0,0,0.12,0.93,0,0,0,0,0,0,0,2.03,0,0,2.03,Negative
0,0,0,0.32,0,0.39,0.9,0,0.3,0.53,0.3,0,0.83,1.43,1.82,1.22,Negative
0,0,0,0,0,0.15,0,0.15,2.1,2.31,2.1,0.15,0.38,2.48,2.25,0.15,Negative
0.19,0,0,0,0,1.28,0.9,0,0.9,0.32,0.6,0.17,0.35,1.48,2.25,1.12,Negative
0,0,0,0,0.43,0.6,0,0,0,0,0,0,0.82,0.42,1.19,1.59,Negative
0,0,0,0,0,1.17,0,0,0,0,0,0,0,1.95,3.27,1.32,Negative
0.37,0,0.37,0.33,0,1.13,0,0,0,0,0,0,0,1.41,3.01,1.6,Negative
0,0,0.22,0,0.45,0,1.4,0,0.63,0,0,0,0.21,1.83,2.55,0.93,Negative
0,0,0,0.95,0,0.33,0.81,0,0,0,0,0,0.77,1.11,2.2,1.87,Negative
0,0,0,0,0,3.02,0,0,0,0,0,0,0.47,2.5,2.55,0.52,Negative
0,0,0,0,0,2.98,0,0,0,0,0,0,0,1.39,2.98,1.59,Negative
0.13,0,0.13,0,0.13,1.6,0,0,0,0,0,0,0.13,1.6,2.99,1.53,Negative
0,0,0,0,0,0.72,0,1.18,0.46,2.43,0.46,0.53,0.25,2.43,3.46,1.28,Negative
0,0,0,1.03,0.89,0,0.2,0,0,0,0,0,1.77,0.2,1.98,3.55,Negative
0,0,0,0,0,0.1,0.72,0,0.16,0.37,0.16,0,0,0.96,0.96,0,Negative
0,0,0,0.77,0.16,0.52,0.46,0,0,0,0,0,1.37,0.67,2.02,2.72,Negative
0,0,0,0,0,1.38,1.0,0,0,0,0,0,1.7,2.38,1.0,0.32,Negative
0,0,0,1.55,0.72,0,0,0,0,0,0,0,1.27,0,1.55,2.82,Negative
0,0,0,0.8,0,0.5,0,0,0,0.7,0,0,1.13,1.2,1.37,1.31,Negative
1.03,0,0,0,0,0.47,0.66,0,0,0,0,0,1.5,0.66,0.83,1.67,Negative
0.18,0,0.15,0.17,0.38,0,1.42,0,0.67,0,0.25,0,0,1.42,2.3,0.88,Negative
0.22,0,0.22,0.87,0,0.68,0,0,0,0,0,0,1.08,0,1.08,2.16,Negative
0,0,0,0,0,0.68,0,0,0,0,0,0,0,0.68,2.73,2.05,Negative
0,0.23,0,0.95,0,0.57,0.77,0,0,0,0,0,0.52,0.77,2.0,1.75,Negative
0,0,0,1.05,0.38,0.32,0,0,0,0,0,0,0.7,0,1.72,2.42,Negative
0,0,0,0,0.48,0.78,0.68,0,0,0,0,0,0.17,0.68,2.36,1.85,Negative
0,0,0.3,0,0.45,0.65,0.48,0,0,0,0,0,0,1.13,2.48,1.35,Negative
0,0,0,0,0,2.24,0,0,0,0,0,0,0.18,2.24,0,0.18,Negative
0.2,0,0.2,1.67,0,0.37,0,0,0,0,0,0,0.97,0,1.75,2.72,Negative
0,0,0,0,0.13,0,0,0,0,0,0,0,0,0,2.85,2.85,Negative
0,0,0,0.14,0,0.86,0.39,0,0,0.28,0,0,0.24,1.25,2.3,1.29,Negative
0.18,0,0.2,0.15,0.8,0.99,0,0,0,0,0,0,0.99,0.99,1.95,1.95,Negative
0,0,0,0.09,0,0.13,0.42,0,0.09,0,0,0,0,0.56,0.72,0.33,Negative
0.32,0.07,0.42,0,0.32,0,0.72,0,0.72,0,0,0,0.89,1.17,1.56,1.28,Negative
0,0,0,0,0,1.6,0.6,0,0,0,0,0,1.0,1.95,1.52,0.56,Negative
0.78,0,0,0,0,0.15,0,0,0,0,0,0,1.91,0.15,0.38,2.17,Negative
0,0,0,0,0,0.58,0.75,0,0,0.75,0,0,0.83,1.33,1.33,0.83,Positive
0,0,0,0,0.25,0.65,1.0,0.2,0,0.2,0,0,0.58,1.85,1.52,0.25,Positive
0,0,0,0.77,0,0.68,0.92,0,0,0,0,0,2.27,0.92,0.28,1.63,Positive
0,0,0,0,0,0.4,0,0,0,0,0,0,0.22,1.42,2.36,1.15,Positive
0.4,0,0.4,0.28,0.4,1.02,0.13,0,0,0,0,0,0,1.18,2.66,1.48,Positive
0.5,0,0.5,0.22,0,1.67,0.13,0,0,0,0,0,0.22,0.85,2.29,1.66,Positive
0.31,0,0.31,0.18,0,2.25,0,0,0,0,0,0,0.08,1.47,2.9,1.51,Positive
0,0,0.08,0,0.08,0.81,0.97,0,0.18,0,0,0,0.56,1.57,1.59,0.58,Positive
0.27,0,0,0,1.06,1.02,0,0,0,0,0,0,1.53,1.29,2.1,2.34,Positive
0,0,0,0.19,0,0.21,0.3,0,0,0,0,0,0.12,0.51,0.57,0.19,Positive
0.86,0,0,0,0.47,0.16,0,0,0,0,0,0,1.32,0.16,0.9,2.06,Positive
0,0,0,0,0,1.98,0.53,0,0,0,0,0,1.33,2.52,1.19,0,Positive
1.32,0,0,0,2.01,0.52,0,0,0,0,0,0,2.01,0.05,0.52,2.53,Positive
0,0,0,0.51,0,0,0,0,1.18,1.18,1.18,0,1.6,1.35,0.51,0.75,Neutral
0,0,0,0.84,0,0.24,1.42,0,1.42,0,0,0,2.74,1.42,0.33,1.66,Neutral
0,0,0,0.31,0.57,0.19,0,0,0.48,0.48,0.11,0,1.21,0.67,0.48,1.02,Neutral
0,0,0,0,0,0.26,1.13,0,0,0,0,0,1.99,1.56,0.17,0.6,Neutral
0.56,0,0.17,0.27,0,0.2,0.32,0,0,0,0,0,0.73,1.03,1.03,0.89,Negative
0.18,0,0.18,0.2,0.97,0,0,0,0,0,0,0,2.49,0,0.2,2.69,Negative
0,0,0,0.55,0,0.55,0.33,0,0.33,0,0,0,0.82,1.02,0.92,0.72,Negative
0,0,0,0,0,0.32,1.07,0,0.67,0,0,0,0.95,1.38,0.82,0.55,Negative
0.18,0,0,1.48,0.35,0.17,0,0,0,0,0,0,0,1.48,2.01,0.53,Negative
0,0,0,0.35,0.72,0.35,0,0,0,0,0,0,0,0.63,1.97,1.34,Negative
0,0,0,0.18,0,1.46,0,0,0,0,0,0,0.7,1.97,1.46,0.18,Negative
0,0,0.6,0.74,0.39,0,0,0,0,0,0,0,0,1.23,2.38,1.15,Negative
0,0,0,0.8,0,0.6,0.6,0,0.76,0,0.16,0,0,2.01,2.01,0,Negative
0,0,0,0,1.22,0,0,0,0,0,0,0,0.99,0.15,1.38,2.22,Negative
0,0,0,0,0,0,0.39,0,0.17,0,0,0,0,0.68,0.68,0,Negative
0,0,0,0.35,0,2.4,0,0,0,0,0,0,1.47,2.75,1.29,0,Negative
0.18,0,0.92,0,1.23,0,0,0,0,0,0,0,1.42,0,0.92,2.34,Negative
0,0,0,1.65,0,1.17,0,0,0,0,0,0,0.23,0,1.42,1.65,Negative
0,0,0,1.4,0,1.76,0,0,0,0,0,0,0.17,0.81,2.06,1.42,Negative
0,0,0,0.64,0,0.49,0.5,0,0.5,0,0,0,0.08,1.22,1.53,0.31,Negative
0,0,0,0.53,0,0.27,0,0,0,0,0,0,0.87,0.13,1.38,2.12,Negative
0,0,0,0,0,0.28,0.23,0,0.08,0,0.01,0,0,0.53,0.78,0.25,Negative
0,0,0,0,0,1.99,0,0,0,0,0,0,0,1.99,1.99,0,Negative
0,0,0,0,0,0,0,0,0,0,0,0,1.31,0,0.22,1.98,Negative
0,0,0,0,0,0.28,0.8,0,0.8,0,0,0,0.2,1.16,2.42,1.47,Negative
0,0,0,0,0,0,0.75,0.63,2.0,1.42,1.42,0,0,2.44,2.58,0.13,Negative
0,0,0,0.49,0,2.46,0,0,0,0,0,0,0,2.31,2.46,0.14,Negative
0,0,0,0,0,2.33,0,0,0,0,0,0,0.01,2.33,2.81,0.49,Negative
0,0,0,1.74,0,0.65,0,0,0,0,0,0,0,1.74,2.54,0.8,Negative
0.23,0,0.57,0,0.25,0.08,0.07,0,0,0,0,0,0,1.07,2.05,1.07,Negative
0,0,0,0.38,0.57,0.75,0.33,0,0.33,0,0,0,0.57,1.08,2.1,1.58,Negative
0,0,0,0.83,0.31,2.49,0,0,0,0,0,0,0,2.32,2.8,0.48,Negative
0.13,0,0,2.08,0,2.9,0,0,0,0,0,0,0,2.9,3.13,0.23,Negative
0,0,0,0.39,0.38,0.39,0.44,0,0.43,0,0,0,0.09,0.83,1.98,1.24,Negative
0,0,0,3.32,0,2.87,0,0,0,0,0,0,3.32,2.87,0.11,0.57,Negative
0,0,0,0,0,0,0.21,0,0.08,0,0,0,0,0.29,0.29,0,Negative
0,0,0.11,0.27,0.11,0.63,0,0,0,0,0,0,0.2,0.57,2.25,1.62,Negative
0.22,0,0.38,0,2.18,0,0,0,0,0,0,0,2.12,0,0.55,2.67,Negative
0,0,0,0.29,0,0.28,0.58,0,1.92,0,0,0,0.5,1.92,1.92,0.51,Positive
0,0,0,0.2,0,0.2,1.52,0.22,1.52,0.43,0,0.22,0.42,2.1,1.88,0.2,Positive
0,0,0,2.26,0,2.26,0,0,0,0,0,0,0,0,0.07,2.32,Positive
0,0,0,1.27,0,1.81,0,0,0,0,0,0,0.55,0.4,1.81,1.96,Positive
0,0,0,1.62,0.5,1.62,0,0,0,0,0,0,0.23,0,2.19,2.42,Positive
0,0,0,1.37,0.01,0,0.48,0,0.2,0,0,0,0,0.48,0.5,1.38,Positive
0,0,0,0,0,0.23,1.64,0,1.64,0,0,0,0,1.88,2.33,0.45,Positive
0,0,0,0.27,0,2.85,0,0,0,0,0,0,0,2.58,2.58,0.27,Positive
0,0,0,0.33,0,0.33,0,0,1.36,1.26,1.36,0,0.15,1.51,2.21,0.85,Positive
0,0,0,0.09,0,0.31,0.97,0,0.66,0,0,0,0,1.61,1.7,0.09,Positive
0.13,0,0.28,0.33,0.78,0.23,0.33,0,0,0,0,0,0.94,0.33,1.72,2.33,Positive
0,0,0,0,0,0.93,0.82,0,0.82,0,0,0,0.52,1.97,1.87,0.42,Positive
0,0,0,0.07,0,0.07,0,0,0,0,0,0,2.38,0.05,0.12,2.45,Positive
0,0,0,0.78,0,0.33,0.48,0,0.3,0,0,0,0,0.48,1.6,1.12,Neutral
0,0,0,0.1,0,0.25,1.75,0,1.75,0,0,0,0.25,1.75,1.75,0.25,Neutral
0,0,0,0,0,0.9,0,0,0,0,0,0,0,0.4,0.9,0.5,Neutral
0,0,0,0,0,1.82,0.23,0,0.23,0,0,0,0,0.23,2.05,1.82,Neutral
0,0,0,1.77,0,0,0,0,0,0,0,0,0,0,1.77,1.77,Neutral
0,0,0,0,0,1.5,0,0,0,0,0,0,0,0,1.83,1.83,Neutral
0,0,0,0.12,0.96,0,0.73,0,0,0,0,0,0.12,0.73,1.7,1.08,Neutral
0,0,0,0.57,0,0.18,0.88,0,0.77,0,0,0,0,1.0,1.57,0.57,Neutral
0,0,0,0.27,0,1.81,0,0,0,0,0,0,0,1.54,1.81,0.27,Neutral
0,0,0,0,0,1.93,0.17,0,0,0,0,0,0,0.17,2.1,1.93,Neutral
0,0,0,0.83,0,1.17,0,0,0,0,0,0,0,0.15,2.0,1.85,Neutral
0,0,0,0,0.4,0,0.42,0,0,0,0,0,0.2,0.78,1.18,0.6,Neutral
0,0,0,0,0,2.54,0,0,0,0,0,0,0.13,0,2.4,2.54,Neutral
0,0,0,0,0,0,0.42,0,0.15,0,0,0,0,0.42,0.42,0,Neutral
0,0,0,0,0,1.07,0.48,0,0,0,0,0,0.8,2.02,1.22,0,Neutral
0,0,0,0,1.44,0,0.32,0,0.32,0,0,0,0.52,0.32,1.23,1.44,Neutral
0,0,0,0,0,0.82,0,0,0.7,0,0.7,0,0,1.52,1.7,0.18,Negative
0,0,0,0.73,0.12,0.13,0,0,0.22,0.22,0.22,0,0.87,0.82,0.8,0.85,Negative
0,0,0.27,0.3,0,1.33,0,0,0,0,0,0,0,1.33,1.75,0.42,Negative
0,0,0,1.86,0,1.86,0,0,0,0,0,0,0,1.86,1.86,0,Negative
0,0,0.18,1.53,0.04,0,0,0,0,0,0,0,0,0,1.75,1.75,Negative
0,0,0,0.5,0,0.5,0,0,0,0,0,0,0,0.5,1.77,1.27,Negative
0,0,0.13,0,0,1.75,0,0,0,0,0,0,0,1.75,1.93,0.18,Negative
0,0,0,0,0,1.25,0,0,0,0,0,0,0.59,1.25,1.16,0.49,Negative
0,0,0.17,0.55,0.44,0,0.75,0,0,0,0,0,1.77,1.3,0.43,0.91,Negative
0,0,0,0,0,1.69,0,0,0,0,0,0,1.72,1.69,0.17,0.2,Negative
0.13,0,0.13,0.27,0.13,0.13,1.72,0,0.82,0,0.47,0,1.44,2.31,2.45,1.89,Negative
0.32,0,0.88,0.38,0.38,0.21,1.22,0,0.88,0,0,0,0.26,2.4,4.19,2.05,Negative
0,0,0,0.9,0,2.6,0,0,0,0,0,0,0,0.85,4.29,3.43,Negative
0.17,0,1.22,0.43,0.08,0.26,0.35,0,0.35,0,0,0,0.77,0.35,3.34,3.76,Negative
1.1,0,1.6,0,0,0.3,1.2,0,0,0,0,0,0,1.5,3.65,2.15,Negative
0,0,0,0,0.51,0.35,1.63,0,1.63,0,0,0,0.51,1.98,3.65,2.18,Negative
0,0,0,0.2,0,2.78,1.33,0,0.72,0,0,0,0.4,4.11,4.31,0.6,Negative
0.26,0,0.16,0.58,0,0.43,1.47,0,0.65,0,0,0,0.09,1.9,4.67,2.86,Negative
0,0,0,0.89,0,0.13,0.37,0.07,1.2,0.76,1.03,0.07,0,2.22,3.21,1.29,Negative
0,0,0,0.43,0,0.34,0,0,0,0,0,0,1.95,0.44,1.81,4.65,Negative
0,0,0,0,0,0.32,1.34,0,1.12,0,0.1,0,0,2.38,2.45,0,Negative
0,0,0,0.68,0.17,1.52,1.47,0,1.47,0,0,0,0.9,3.04,2.99,0.85,Negative
0.18,0,0,0,3.64,0,0,0,0,0,0,0,4.13,0,0.4,4.53,Negative
0,0,0,0.48,0,0,0.83,0,0.83,0,0,0,0.83,0.83,0.83,0.83,Negative
0,0,0,0.36,0,0.18,0.1,0,0.98,0.98,0.98,0,0.82,1.27,1.08,0.63,Negative
0.17,0,0,0,0.22,0,0.96,0,0.95,0,0,0,0.17,0.96,1.51,0.72,Negative
0,0,0,0.22,0,0.75,0,0,0,0,0,0,0.87,0.75,0.75,0.87,Negative
0.13,0,0.13,0,0,1.47,0,0,0,0,0,0,0.13,1.47,1.7,0.37,Negative
0,0,0.65,0,0.88,0.42,0,0,0,0,0,0,0.42,0.42,0.98,0.98,Negative
0.18,0,0.18,0.69,0,1.14,0,0,0,0,0,0,0.69,0.45,1.0,1.24,Negative
0,0,0,0,0,0.58,0.42,0,0.3,0,0,0,0,1.3,1.65,0.35,Negative
0,0,0.13,0,0.13,0.15,0.58,0,0.58,0,0,0,0.15,0.73,1.28,0.7,Negative
0,0,0.2,0.3,0,0.33,0.37,0,0.37,0,0,0,1.12,1.17,0.18,0.5,Negative
0,0,0,0.18,0,1.7,0,0,0,0,0,0,0.18,1.7,1.7,0.18,Negative
0,0,0,1.49,0,0.88,0,0,0,0,0,0,0,0,1.49,0.91,Negative
0,0,0,0,0,0.5,0,0.97,0.42,1.05,1.05,0.62,0,1.55,1.43,0,Negative
0,0,0,0.58,0.23,0.97,0,0,0,0,0,0,0.93,0.97,1.26,1.21,Negative
0,0,0,0.18,0,0,0.84,0,0.71,0,0,0,0,0.84,1.12,0.28,Negative
0.11,0,0.42,0,0,0,0,0,0,0,0,0,1.03,0,0.48,1.52,Negative
0.2,0,0.2,0,0,1.67,0,0,0,0,0,0,1.49,1.67,0.38,0.2,Negative
0.25,0,0.25,1.05,0,0.32,0,0,0,0,0,0,1.48,0.32,0,1.17,Negative
0,0,0.58,0.48,1.2,1.53,0.12,0,0,0,0,0,1.65,1.83,2.66,3.11,Negative
0,0,0.25,0.78,0.13,3.23,0,0,0,0,0,0,0.25,3.23,4.01,1.03,Negative
0.32,0,0.58,2.19,0,0.37,0,0,0,0,0,0,0.37,0.47,3.51,3.41,Negative
0.22,0,0.52,0.87,1.05,0,2.56,0,2.2,0,0,0,0,2.56,4.7,2.14,Negative
0,0,0.23,0,0.4,0.1,1.68,0,1.33,0,0,0,0.53,1.93,3.15,1.75,Negative
0,0.03,0,0.09,0.42,3.73,0,0,0,0,0,0,0.29,3.73,4.44,1.0,Negative
0.37,0,0.12,0.57,0.1,0.23,1.15,0,0.32,0,0,0,0,1.38,4.1,2.72,Negative
0,0,0,2.18,0.21,0.63,0,0,0,0,0,0,3.58,0,3.02,6.6,Negative
0,0,0,0.17,0,1.87,0.8,0,0.14,0,0,0,0.08,2.67,2.69,0.18,Negative
0.38,0,0.14,0.32,0,0,1.02,0,0,0,0,0,1.56,1.02,2.68,3.69,Negative
0,0,0,0,0,2.63,0,0,0,0,0,0,0,3.98,4.15,0.17,Negative
0,0,0,0,1.78,0,0,0,0,0,0,0,3.89,0,0.35,4.24,Negative
0.41,0,0.16,0.42,0.01,0,0.88,0,0.88,0,0,0,0.67,0.88,1.05,0.83,Positive
0,0,0,0,0,0.13,0.98,0,1.25,0,0,0,0.27,1.38,1.12,0,Positive
0,0,0,0.13,0,0.35,1.0,0,1.0,0,0,0,0.17,1.22,1.35,0.3,Positive
0,0,0,0.3,0,0.72,0.37,0.16,0.57,0.36,0.36,0.16,0.38,1.14,1.14,0.38,Positive
0,0,0,0.06,0.25,1.38,0,0,0,0,0,0,0,1.38,1.7,0.32,Positive
0,0,0,0,0,0.56,0,0,0.13,0.13,0.13,0,0.12,0.7,1.33,0.75,Positive
0.23,0,0.23,0.18,0,0,0,0,0,0,0,0,0,0.65,1.25,0.78,Positive
0.13,0,0.13,0,0,0,0.61,0,0.14,0,0,0,0.13,1.06,1.06,0.13,Positive
0,0,0.22,0,0,0.13,0.48,0,0,0,0,0,0,0.62,1.3,0.68,Positive
0,0,0.22,0,0,0.53,0.85,0,0.85,0,0,0,0.22,1.38,1.38,0.22,Positive
0,0,0,0.26,0.17,0.69,0,0,0,0,0,0,0.17,0.69,0.95,0.43,Positive
0,0,0,1.3,0,1.05,0,0,0,0,0,0,0.08,0.12,1.72,1.68,Positive
0,0,0,0,0,0.51,0,0,1.3,0.87,1.3,0,0.28,1.81,1.81,0.28,Positive
0,0,0.38,0.64,0.65,0.67,0,0,0,0,0,0,1.05,0.67,1.05,1.43,Positive
0,0,0,0,0.41,0.57,0.5,0,0.1,0,0,0,0.41,1.26,1.26,0.41,Positive
0,0,0,0.37,0.29,0,0.49,0,0.49,0,0,0,0.51,0.49,1.35,1.37,Positive
0,0,0,0.15,0,1.87,0,0,0,0,0,0,0,1.8,1.95,0.08,Positive
0,0,0,0.08,0.73,0,0.32,0,0.08,0,0,0,0.73,0.39,0.48,0.97,Positive
0,0,0,0,0.17,1.97,0,0,0,0,0,0,0,1.97,2.13,0.17,Neutral
0,0,0,0.19,0,0,1.01,0,1.01,0,0,0,0.08,1.01,1.52,0.6,Neutral
0,0,0,0,1.77,0.22,0,0,0,0,0,0,1.57,0.22,0.58,1.94,Neutral
0,0,0,0.73,0,0.7,1.64,0,1.14,0,0,0,1.75,1.97,2.16,1.57,Negative
0.22,0,0.22,0.45,0,0.2,1.26,0,0.97,0,0,0,0.85,1.46,1.69,1.29,Negative
0,0,0,0.15,1.18,1.13,0,0,0,0,0,0,1.2,1.13,2.25,2.32,Negative
0,0,0.13,0.48,0,2.88,0,0,0,0,0,0,0,2.63,3.63,1.0,Negative
0,0.07,0.2,0.2,0.33,0,0.78,0,0,0,0,0,0.19,1.25,2.98,1.93,Negative
0,0,0,2.09,1.49,0.53,0,0,0,0,0,0,0.88,0,2.88,3.77,Negative
0,0,0.75,0,0.22,0.55,1.02,0,1.58,0.57,0.57,0,0.35,2.13,3.22,1.43,Negative
0,0,0.1,0.73,0.22,0.81,1.18,0,1.18,0,0,0,0.74,1.99,2.71,1.45,Negative
0,0,0,0.57,0.17,2.58,0.23,0,0.23,0,0,0,1.73,2.6,1.6,0.73,Negative
0,0.09,0,1.15,0,2.16,0,0,0,0,0,0,0.82,2.08,2.78,1.52,Negative
0.08,0,0.08,2.65,0,0.51,0,0,0,0,0,0,0.15,1.29,4.03,2.6,Negative
0,0,0.12,0,0.16,0.7,0.2,0,0.09,0,0,0,0,1.17,1.45,0.48,Negative
0,0,0,1.54,0,0.18,0,0,0,0,0,0,1.94,0.18,1.83,4.38,Negative
0,0,0,0,0,0.08,1.43,0,0.96,0,0,0,0.08,1.69,1.61,0,Negative
0,0,0.12,0.18,0.27,0.41,0.65,0,0.19,0,0,0,1.09,1.37,3.02,2.73,Negative
0,0,0,0,0.25,1.45,2.23,0,2.23,0,0,0,0.33,3.68,3.6,0.25,Negative
0,0,0,0,1.67,0.18,0,0,0,0,0,0,3.01,0.18,0.37,3.19,Negative
0,0,0,0,0,0.25,2.38,0,1.68,0,0,0,1.26,2.63,2.63,1.26,Negative
0.33,0,0.33,0,0.22,0.42,3.38,0,2.49,0,0,0,0,3.79,4.71,0.92,Negative
0,0,0,0.68,2.27,0.37,0,0,0,0,0,0.07,2.65,0.34,0.88,3.19,Negative
0,0,0,3.15,0.07,0.53,0,0,0,0,0,0,0.07,0.53,5.26,4.8,Negative
0.07,0,0.97,0,1.4,1.7,0,0,0,0,0,0,1.15,1.7,2.94,2.92,Negative
0.17,0,0.65,2.23,0.65,0.89,0,0,0,0,0,0,0.91,2.03,3.99,2.86,Negative
0.18,0,0.26,0.88,0.27,0,1.58,0,0.67,0,0,0,0.01,1.58,5.13,3.55,Negative
0.15,0,0.35,0.28,0.72,0.83,1.7,0,1.7,0,0,0,0.23,2.53,4.82,2.51,Negative
0,0,0,2.87,0,4.37,0,0,0,0,0,0,0.42,3.17,4.9,1.13,Negative
0,0.06,0,2.06,0.22,1.65,0,0,0,0,0,0,0.06,1.65,5.44,3.85,Negative
0,0,0,0.27,0,3.06,0.92,0,1.17,0,0,0,0.54,4.67,4.94,0.81,Negative
0,0,0,1.97,0.23,0,0,0,0,0,0,0,5.4,0,1.04,6.44,Negative
0,0,0,0,0,0.68,0.98,0,0.43,0,0,0,0,1.87,1.87,0,Negative
0,0,0.14,0,2.17,0,0.15,0,0,0,0,0,3.75,0.15,1.24,4.84,Negative
0,0,0,1.0,0,0,1.4,0,0.48,0,0,0,0,1.4,2.4,1.0,Negative
0,0,0,0,0,0.35,0.52,0.88,1.22,0.88,0.7,0.88,0.15,1.75,1.4,0.15,Negative
0.25,0,0.09,0,0.09,0.13,2.17,0,0.45,0,0,0,0.47,2.3,2.17,0.34,Negative
0,0,0,0.48,0,1.62,0,0,0,0,0,0,0,1.62,0.6,0.48,Negative
0,0,0,1.05,0,2.05,0,0,0,0,0,0,0.15,1.46,2.51,1.2,Negative
0,0,0.65,0,1.23,0,0,0,0,0,0,0,1.02,0.33,1.2,1.88,Negative
0,0,0,1.19,0,1.19,0.7,0,0.7,0,0,0,0.76,0.7,1.89,1.95,Negative
0,0,0,0.22,0,0,1.17,1.44,2.61,1.44,1.44,0,0.24,2.85,2.83,0.22,Negative
0,0,0,0.15,0,0.16,0.52,0,0.3,0,0,0,0,0.9,1.05,0.15,Negative
0,0,0.17,0,0,0.18,0.97,0,0.97,0,0,0,0.96,1.15,1.43,1.42,Negative
0,0,0,0.33,0,0,0.13,0,2.03,2.03,2.03,0,0.57,2.17,2.17,0.57,Negative
0,0,0.22,0.28,0.51,0.42,0.62,0,0.35,0,0,0,1.13,1.03,1.62,1.71,Negative
0,0,0,0,0.63,2.35,0,0,0,0,0,0,0,2.35,2.98,0.63,Negative
0.2,0,0,0,0,0,0.38,0,0,0,0,0,0.75,0.38,1.82,2.19,Negative
0,0.13,0,0,0.1,0.43,1.82,0,1.82,0,0,0,0.13,2.25,2.35,0.23,Negative
0,0.17,0,0,0,0,0.45,0,1.88,0,1.43,0,0.17,1.88,2.33,0.93,Negative
0,0,0,0,0,2.57,0,0,0,0,0,0,0.15,2.57,2.57,0.15,Negative
0.08,0,0,0.09,0,2.77,0,0,0,0,0,0,0.27,2.68,2.68,0.27,Negative
0.18,0,0.18,0,0,1.65,0,0,0.66,0,0,0,0.18,2.31,2.96,0.83,Negative
0,0,0,0,0,0,1.59,0,1.93,0,0.34,0,0,1.93,2.62,0.68,Negative
0,0,0,0.62,0,0,1.27,0,0,0,0,0,1.34,1.27,2.38,2.45,Negative
0,0,0,0.1,0.23,0,0.21,0,0.07,0,0,0,0.31,0.47,1.44,1.28,Negative
0,0,0,0,0,2.66,0,0,0,0,0,0,0.32,2.72,2.66,0.27,Negative
0,0,0.17,0,0.18,0,0.08,0,2.03,0,0,0,0.38,2.15,2.12,0.34,Positive
0,0,0.39,0,0,0.15,1.4,0,1.4,0,0,0,0,1.55,2.12,0.57,Positive
0,0,0.13,0,0,1.55,0.73,0,0.73,0,0,0,0.15,2.28,0.87,0.28,Positive
0,0,0,0.13,0,0.25,0.92,0.12,1.44,0.63,0.63,0.12,0.64,1.81,1.06,0,Positive
0,0,0,0.42,0,0.42,0,0,0,0,0,0,1.35,0,1.53,2.88,Positive
0,0,0,0,0,0,1.4,0,1.4,0,0,0,1.17,1.4,1.4,1.17,Neutral
0,0,0.17,0,0,0,0.37,0,1.43,0,1.07,0,0.68,1.43,1.92,1.17,Neutral
0.07,0,0,0.36,0,1.08,0,0,0,0,0,0,0.92,1.08,1.45,1.28,Neutral
0.12,0,0,2.18,0,2.18,0,0,0,0,0,0,0,0,2.84,2.84,Neutral
0,0,0,2.46,0,2.2,0,0,0,0,0,0,0,0,2.61,2.61,Neutral
0,0,0.25,0,0.84,0,0.85,0,0.85,0,0,0,0.19,0.85,2.07,1.41,Neutral
0,0,0,0,0,0,0.3,0,1.4,0,0,0,0.4,1.4,2.24,1.23,Neutral
0,0,0,0.6,0,1.13,0.88,0,0.88,0,0,0,0.93,1.41,0.45,0.85,Neutral
0,0,0,0,0.22,1.01,1.61,0,0,0,0,0,1.82,2.32,1.01,0.51,Neutral
0,0,0,0,0,2.37,0,0,0,0,0,0,0,2.22,2.98,0.76,Neutral
0,0,0,0,0,0,0,0,0,0,0,0,0,0,0,0,Neutral
0,0,0,0,0,0.77,0,0,0,0,0,0,2.19,0.77,0.83,2.24,Neutral
0,0,0,0,0.28,0.45,0.74,0,0.74,0,0,0,0,1.6,2.02,0.42,Neutral
0.12,0,0.12,0.77,0.08,0.87,0.02,0,0,0,0,0,1.46,1.13,1.61,1.95,Neutral
0,0,0,0,0,0.83,2.02,0,2.02,0,0,0,2.31,2.84,0.53,0,Neutral
0.1,0,0,0,1.48,0,0,0,0,0,0,0,2.18,0,0.43,2.61,Neutral
0,0,0,0.32,0.32,0.32,3.7,0,4.42,0.72,0.72,0,0.78,4.54,4.65,0.9,Negative
0.28,0,1.33,0,0.82,0.57,1.93,0.15,1.47,0.15,0.15,0.15,1.47,2.65,3.5,2.31,Negative
0,0,0,0.62,0,5.87,0,0,0,0,0,0,0,4.42,6.88,1.02,Negative
1.5,0,2.7,0.58,0.48,1.1,0,0,0,0,0,0,2.19,1.03,2.97,4.13,Negative
0,0,0,0.78,0.35,0.78,2.25,0,2.25,0,0,0,0.13,2.89,4.85,2.08,Negative
0,0,0,0,0,2.71,2.32,0,0,0,0,0,3.24,5.34,0,0.22,Negative
0,0,0,1.37,0.11,5.25,0,0,0,0,0,0,0,4.57,6.65,2.08,Negative
0,0,0,1.67,0,3.82,0.62,0,0,0,0,0,3.89,4.01,2.67,2.55,Negative
0,0,0,0.07,0,0.53,1.45,0,1.24,0.11,0.11,0,0.07,2.12,2.24,0.18,Negative
0,0,0.28,0.21,0.53,0,1.37,0,0.6,0,0,0,1.69,1.72,1.05,1.02,Negative
0,0,0,0,0,1.02,1.89,0,1.89,0,0,0,0.47,2.9,2.43,0,Negative
0.68,0,0.57,0.33,0.13,1.07,0,0,0,0,0,0,0.83,1.43,1.1,1.43,Negative
0,0,0,0.75,0,2.03,0,0,0,0,0,0,1.65,1.12,1.12,1.65,Negative
0,0,0,1.73,0.13,1.18,0,0,0,0,0,0,0,1.18,3.05,1.87,Negative
0.53,0,0,0,1.47,0.67,0,0,0,0,0,0,1.2,0.67,1.7,2.23,Negative
0,0,0,1.42,0,2.76,0,0,0,0,0,0,0.4,0,2.49,1.95,Negative
0,0,0,0,0.47,1.25,0.5,0,0,0,0,0,0.32,0.5,2.19,2.52,Negative
0,0,0,0,1.33,0.32,0.15,0,0,0,0,0,0.93,1.12,1.52,1.33,Negative
0,0,0,0.36,0,2.64,0,0,0,0,0,0,1.55,0.92,1.27,1.91,Negative
0,0,0,0.38,0,2.72,0,0,0,0,0,0,0.21,0,2.9,3.11,Negative
0.68,0,1.19,0.55,0.16,1.36,0,0,0,0,0,0,0.2,0.24,3.18,3.14,Negative
0,0,0,0.07,0,0.81,1.15,0,1.15,0,0,0,0.19,1.98,1.98,0.19,Negative
0,0,0,0.91,2.17,0.16,0,0,0,0,0,0,1.16,0,1.92,3.07,Negative
0,0,0,0,0,0.67,0.44,0,0.35,0.08,0,0,0.43,0.8,0.53,0.32,Negative
0.19,0,0.46,0.98,0.92,0.66,0.37,0,0,0,0,0,1.99,1.37,1.47,2.09,Negative
0,0,0,0,0,2.4,0.72,0,0.72,0,0,0,3.11,3.11,0.18,0.18,Negative
0.15,0,0,0,2.51,0,0,0,0,0,0,0,2.9,0,0,2.95,Negative
0,0,0,0.6,0,0.6,1.67,0,1.67,0,0,0,0.23,1.67,2.25,0.81,Negative
0,0,0,0.18,0,0.6,1.45,0,1.45,0,0,0,0.3,1.9,1.18,0.48,Negative
0,0,0.74,0,0.38,0.95,0,0,0,0,0,0,2.6,0.95,0.28,1.93,Negative
0,0,0,0,0,2.65,0,0,0,0,0,0,0,0,2.8,2.8,Negative
0,0,0.52,0,1.5,0,0,0,0,0,0,0,0.87,0,1.5,2.36,Negative
0,0,0,0.7,0,1.49,0,0,0,0,0,0,0.42,1.07,2.17,1.52,Negative
0,0,0,0.84,0.27,0.6,0.43,0,0,0,0,0,0,1.53,2.64,1.11,Negative
0,0,0,0,0,1.82,0.62,0,0.62,0,0,0,2.37,2.43,0.3,0.23,Negative
0,0,0,1.12,0,3.13,0,0,0,0,0,0,1.27,1.86,1.98,1.4,Negative
0.29,0,0,0.91,0,1.5,0,0,0,0,0,0,0,0.59,2.84,2.24,Negative
0,0,0,0.7,0,0.48,1.06,0,0.82,0,0,0,2.48,1.06,1.23,2.66,Negative
0,0,0,0,0,0.51,0.25,0,0,0,0,0,0.27,0.94,0.67,0,Negative
0,0,0,0,0.22,1.9,0.72,0,0,0,0,0,2.12,2.62,0.72,0.22,Negative
0,0,0.13,0.66,0.8,0,0,0,0,0,0,0,2.54,0,0,2.72,Negative
0.17,0,0.17,1.03,0.08,0.32,0.3,0,0,0,0,0,1.43,0.62,0.47,1.28,Negative
0.3,0,0,0,0.59,0.62,0,0,0,0,0,0,0.86,0.62,0.81,1.05,Negative
0.17,0,0,1.41,0,0.27,0,0,0,0,0,0,0.42,0.27,1.67,1.82,Negative
0.13,0,0.13,0.33,0,0,0,0,0,0,0,0,0,1.22,2.19,0.97,Negative
0,0,0.16,0.85,0,1.03,0,0,0,0,0,0,0.8,0.82,1.42,1.4,Negative
0.02,0,0.02,0.43,0,1.47,0,0,0,0,0,0,0,0.23,2.19,1.96,Negative
0,0,0,0.4,0,0.42,0.02,0,0.02,0,0,0,0.12,1.15,1.65,0.4,Negative
0,0,0,0,0,0,0.35,0,0.35,0,0,0,0.07,0.7,0.51,0,Negative
0,0,0,0,1.75,0.17,0,0,0,0,0,0,1.88,0.17,0.17,1.88,Negative
0,0,0,0,0.15,0.86,0.58,0,0.58,0,0,0,0,1.45,1.85,0.4,Positive
0.3,0,0.17,0.14,0,0.79,0,0,0,0,0,0,0.17,1.38,1.65,0.44,Positive
0.74,0,0,0.67,0,0.67,0,0,0,0,0,0,0,0.81,1.87,1.06,Positive
0.27,0,0.83,0,0.25,0.58,0,0,0,0,0,0,0,0.58,1.68,1.1,Positive
0,0,0,0.67,0,0.42,0,0,0,0,0,0,0,0.25,1.63,1.38,Positive
0.33,0,0,0,0.08,0,0.52,0,0.52,0,0,0,0,0.52,1.1,0.58,Positive
0,0,0,1.13,0,0.73,0,0,0,0,0,0,0,0.73,1.86,1.13,Positive
0.45,0,0,0.97,0.21,0.9,0,0,0,0,0,0,0,0.9,1.63,0.73,Positive
1.38,0,1.3,0,0,0,0,0,0,0,0,0,0,0,2.08,2.08,Positive
0,0,0,0.15,0,0.12,0.08,0,0,0,0,0,0,0.21,0.5,0.29,Positive
0,0,0,0.15,0,0.73,0,0,0,0,0,0,0.15,1.04,0.9,0.09,Positive
0,0,0.42,0,0,0.22,0,0,0,0,0,0,0.65,0.22,0.92,1.35,Positive
0,0,0.15,0,0.4,0.33,0.23,0,0.23,0,0,0,1.35,0.98,0.95,1.32,Neutral
0,0,0,1.43,0.82,1.43,0,0,0,0,0,0,0,0.88,2.24,1.36,Neutral
0,0,0,0,0.28,0,1.23,0,0,0,0,0,0,1.23,2.11,0.87,Neutral
0,0,0,0,0,1.8,0,0,0,0,0,0,1.8,1.8,0.28,0.61,Neutral
0.11,0,0,0.48,0,2.23,0,0,0,0,0,0,0,2.18,2.47,0.28,Neutral
0,0,0,0,0,0.21,0.59,0,0.36,0,0,0,0.07,0.91,0.84,0,Neutral
0,0,0.25,0,0.17,0.23,0.52,0,0,0,0,0,1.19,0.75,0.71,1.23,Neutral
0.15,0,0,0.2,0.92,0.2,0,0,0,0,0,0,2.0,0.2,0.2,2.0,Neutral
0,0,0,1.72,0,0.38,0.9,0.25,1.15,0.25,0.25,0,2.58,1.32,1.14,2.41,Negative
0,0,0,0.42,0,0.15,2.05,1.23,3.06,1.23,1.23,1.23,1.45,3.43,2.4,0.42,Negative
0,0,0,1.38,0,1.25,0,0,0,0,0,0,1.53,0.83,1.72,2.41,Negative
0,0,0,1.98,0,1.01,0,0,0,0,0,0,0,1.4,4.07,2.23,Negative
0.19,0,0.36,0.49,0,3.84,0,0,0,0,0,0,1.99,3.84,2.22,0.85,Negative
0.18,0,0,1.56,0.31,4.26,0,0,0,0,0,0,0,1.63,4.85,3.13,Negative
0,0,0,0,0,0.13,0.83,0,0.59,0,0,0,0.19,1.04,0.85,0,Negative
0,0,0,0,0,2.08,1.6,0,1.6,0.68,0,0,2.76,3.68,1.0,0.28,Negative
0,0,0,1.1,0.81,0,0,0,0,0,0,0,3.9,0,0.45,4.35,Negative
0.9,0,1.68,0.43,0.3,0.58,1.88,0,0,0,0,0,4.45,0,0.58,0.3,Negative
0.12,0,0.3,0.37,2.85,0,0,0,0,0,0,0,2.92,0,0,2.85,Negative
0.47,0,1.43,0.55,2.36,0.67,0.73,0,0,0,0,0,4.1,0,0.67,2.36,Negative
0,0,0.97,0.91,0,0,0,0,0,0,0,0,0.97,0,0,0,Negative
0.28,0,0.96,1.44,0.77,0.43,0,0,0,0,0,0,1.67,0,0.43,0.77,Negative
0,0,0,1.96,0.01,0.75,0.55,0.25,1.18,0.63,0.25,0.25,1.94,0.25,1.93,0.64,Negative
0,0,0,0,0,0.51,1.59,0,0.62,0,0,0,2.1,0,1.13,0,Negative
0,0,0.25,0.54,0.52,0.27,0,0,0,0,0,0,0.91,0,0.27,0.52,Negative
0,0,0,0.5,0,0.52,0.92,0.32,1.23,0.32,0.32,0.32,0.85,1.75,1.88,0.98,Negative
0.28,0,0.28,0,0,1.35,0,0.22,0.22,0.22,0,0,0.57,1.28,0.22,0.57,Negative
0,0,0,0.78,0,1.32,0,0,0,0,0,0,0.52,1.32,2.1,1.47,Negative
0,0,0.22,2.88,0.22,0,0,0,0,0,0,0,0,0,3.09,3.09,Negative
0,0,0.28,0.37,0.72,0.08,0.35,0,0.35,0,0,0,0.91,0.43,1.57,2.04,Negative
0,0,0,0.52,0,0.87,0.43,0,0.43,0,0,0,0,0.43,2.79,2.05,Negative
0.43,0,0.94,0,0.5,0.95,0.33,0,0.33,0,0,0,0.25,1.28,2.09,1.05,Negative
0.55,0,0.2,0.32,0,0.17,0.75,0,0.38,0,0,0,0.65,0.92,1.8,1.54,Negative
0,0,0,0.87,0.18,1.23,0.5,0,0,0,0,0,2.78,1.08,0,1.7,Negative
0,0,0,1.6,0.12,1.15,0,0,0,0,0,0,0.12,0,1.6,2.88,Negative
0.11,0,0,0.63,0.17,1.65,0,0,0,0,0,0,0,0.19,3.14,2.95,Negative
0,0,0,0,0,0.18,0,0,0,0,0,0,0.18,0,0,0.12,Negative
0.22,0,0,1.37,0.56,0,0,0,0,0,0,0,1.99,0,1.64,3.64,Negative
0,0,0,0,0,0.15,0.97,0,0.75,0,0,0,0.27,1.49,0.97,0,Negative
0.32,0,0,0.56,0,0.84,0.57,0,0,0,0,0,2.62,1.42,0.3,1.51,Negative
0,0,0.22,0,0,1.95,0.07,0,0,0,0,0,2.02,2.02,0.22,0.22,Negative
0,0,0.55,0.2,0.94,0.42,0,0,0,0,0,0,2.18,0.2,0.62,2.6,Negative
0,0,0.33,0.47,0,0,1.22,0,0.77,0,0,0,0.65,1.22,1.37,0.8,Negative
0.43,0,0.43,0.35,0.42,0,1.18,0,1.18,0,0,0,0.5,1.18,1.88,1.2,Negative
0,0,0,1.7,0,0.35,0,0,0,0,0,0,0,0.35,2.2,1.85,Negative
0.42,0,1.17,0,1.58,0.28,0,0,0,0,0,0,1.45,0.28,0.42,1.58,Negative
0,0,0.32,1.64,0.32,0,0,0,0,0,0,0,0.35,0,2.17,2.52,Negative
0.63,0,1.1,0,0.47,0,0.93,0,0.78,0,0,0,0.63,1.07,1.95,1.51,Negative
0,0,0,0,0.8,0.4,0.92,0,0.4,0,0,0,0,1.45,2.25,0.8,Negative
0,0,0,0.32,0,1.82,0,0,0,0,0,0,0.66,1.82,0,0.66,Negative
0.17,0,0,2.05,0.17,1.19,0,0,0,0,0,0,0.11,0.23,2.22,2.33,Negative
0,0,0.33,0.97,0,0,0,0.32,0.32,0.32,0.32,0,0.85,0.32,1.35,1.88,Negative
0,0,0.53,0.19,0.37,0,0,0,0,0,0,0,1.88,0.58,1.58,2.88,Negative
0.18,0,0,0,0,0.67,0.15,0,0,0,0,0,0,0.82,1.01,0.18,Negative
0,0,0,0,0,2.53,0,0,0,0,0,0,0,2.53,2.53,0,Negative
0,0,0.92,0,0,0,0,0,0,0,0,0,2.32,0.27,0.27,2.17,Negative
0,0,0,0.26,0,0,0,0,0,0,0,0,0.44,2.12,2.12,0.44,Positive
0,0,0.22,0,0.32,0,0.8,0.22,0.22,0.22,0.22,0,0.22,1.02,1.65,0.85,Positive
0.14,0,0,0,0,2.58,0,0,0,0,0,0,0.14,2.58,2.58,0.14,Positive
0,0,0.91,0.78,0,0,0,0,0,0,0,0,2.07,0,1.04,3.12,Positive
0.35,0,1.67,0,1.67,0.33,0,0,0,0,0,0,2.02,0.33,0.45,2.13,Positive
0,0,0.95,0,0,0,1.09,0,0.88,0,0,0,0,1.19,2.04,0.95,Neutral
0,0,0,0,0,0.78,1.43,0,0,0,0,0,0,2.05,2.35,0.3,Neutral
0.47,0,0.28,0.13,0,0,0.3,0,0.3,0,0,0,0,0.98,1.8,0.82,Neutral
0.65,0,0.33,0.07,0.27,0.79,0.07,0,0,0,0,0,1.53,0.77,0.55,1.32,Neutral
0.9,0,0.38,0,1.18,0.98,0,0,0,0,0,0,0.42,0.98,2.13,1.57,Neutral
0.37,0,0.17,1.38,0,0.85,0,0,0,0,0,0,0,0.85,2.77,1.92,Neutral
0,0,0,0.74,0.18,1.52,0,0,0,0,0,0,0,0.81,2.31,1.35,Neutral
0,0,1.34,0,0,0,1.05,0,1.05,0,0,0,0.7,1.38,2.02,1.34,Negative
0,0,0,0.39,0,0,2.71,0,2.71,0,0,0,0.39,2.71,2.71,0.39,Negative
0,0,0,3.13,0,0,0,0,0,0,0,0,0,0,3.13,3.13,Negative
0,0,0,1.37,1.0,0,0,0,0,0,0,0,0.69,0,2.03,2.72,Negative
0,0,0,0.22,0,2.55,0,0,0,0,0,0,0.22,2.55,2.55,0.22,Negative
0,0,0,0.82,0,1.98,0,0,0,0,0,0,2.01,1.98,0.8,0.82,Negative
0.24,0,0,1.24,0.24,1.32,0,0,0,0,0,0,0,1.32,2.98,1.67,Negative
0,0,0,1.0,0,0,0.27,0.82,1.42,1.15,0.82,0.59,0,1.42,2.77,1.35,Negative
0,0,0.4,0.49,0.24,0.18,0,0,0,0,0,0,1.37,1.48,2.41,2.29,Negative
0,0,0.95,0.18,1.45,0.15,0,0,0,0,0,0,2.1,0.12,0.67,2.65,Negative
